timestamp,latitude,longitude,forecast_initialization,forecast_valid_time,forecast_lead_time,nwp_rainfall,observed_rainfall,district_name,district_id,temperature_2m,relative_humidity_2m,surface_pressure,wind_speed_10m,wind_direction_10m,cape
2021-06-01 00:00:00+00:00,18.451027,73.828125,2021-05-31 03:00:00+00:00,2021-06-01 03:00:00+00:00,1,21.3,19.64159203,WESTERN_GHATS_BENCHMARK,WG_01,26.34583333333333,75.29166666666667,939.7833333333333,18.7,249.45833333333334,721.6666666666666
2021-06-02 00:00:00+00:00,18.451027,73.828125,2021-06-01 03:00:00+00:00,2021-06-02 03:00:00+00:00,1,13.4,0.187187091,WESTERN_GHATS_BENCHMARK,WG_01,25.90833333333333,75.33333333333333,940.1333333333333,16.6,222.20833333333334,731.25
2021-06-03 00:00:00+00:00,18.451027,73.828125,2021-06-02 03:00:00+00:00,2021-06-03 03:00:00+00:00,1,37.1,7.408498764,WESTERN_GHATS_BENCHMARK,WG_01,25.7625,76.20833333333333,941.0291666666667,17.0,130.125,478.3333333333333
2021-06-04 00:00:00+00:00,18.451027,73.828125,2021-06-03 03:00:00+00:00,2021-06-04 03:00:00+00:00,1,3.9,0.0,WESTERN_GHATS_BENCHMARK,WG_01,27.441666666666666,65.25,941.8041666666667,19.6,190.33333333333334,380.0
2021-06-05 00:00:00+00:00,18.451027,73.828125,2021-06-04 03:00:00+00:00,2021-06-05 03:00:00+00:00,1,19.6,8.471226692,WESTERN_GHATS_BENCHMARK,WG_01,24.375,78.33333333333333,941.6916666666666,9.8,175.79166666666666,190.41666666666666
2021-06-06 00:00:00+00:00,18.451027,73.828125,2021-06-05 03:00:00+00:00,2021-06-06 03:00:00+00:00,1,16.8,4.635172367,WESTERN_GHATS_BENCHMARK,WG_01,25.933333333333334,70.83333333333333,941.3125,15.6,245.625,283.3333333333333
2021-06-07 00:00:00+00:00,18.451027,73.828125,2021-06-06 03:00:00+00:00,2021-06-07 03:00:00+00:00,1,11.7,2.33270359,WESTERN_GHATS_BENCHMARK,WG_01,25.254166666666666,77.20833333333333,941.625,16.4,253.58333333333334,285.4166666666667
2021-06-08 00:00:00+00:00,18.451027,73.828125,2021-06-07 03:00:00+00:00,2021-06-08 03:00:00+00:00,1,0.0,0.427799702,WESTERN_GHATS_BENCHMARK,WG_01,26.0125,71.20833333333333,941.7375000000001,22.5,249.54166666666666,102.08333333333333
2021-06-09 00:00:00+00:00,18.451027,73.828125,2021-06-08 03:00:00+00:00,2021-06-09 03:00:00+00:00,1,61.599999999999994,0.0,WESTERN_GHATS_BENCHMARK,WG_01,25.629166666666666,75.79166666666667,940.7624999999999,23.2,252.79166666666666,268.75
2021-06-10 00:00:00+00:00,18.451027,73.828125,2021-06-09 03:00:00+00:00,2021-06-10 03:00:00+00:00,1,2.5,0.0,WESTERN_GHATS_BENCHMARK,WG_01,22.4375,88.58333333333333,939.8791666666666,21.6,244.54166666666666,64.58333333333333
2021-06-11 00:00:00+00:00,18.451027,73.828125,2021-06-10 03:00:00+00:00,2021-06-11 03:00:00+00:00,1,0.0,0.0,WESTERN_GHATS_BENCHMARK,WG_01,23.616666666666664,78.75,939.4125,29.8,246.25,53.333333333333336
2021-06-12 00:00:00+00:00,18.451027,73.828125,2021-06-11 03:00:00+00:00,2021-06-12 03:00:00+00:00,1,0.0,7.64370966,WESTERN_GHATS_BENCHMARK,WG_01,25.683333333333334,75.66666666666667,938.775,26.5,242.45833333333334,363.75
2021-06-13 00:00:00+00:00,18.451027,73.828125,2021-06-12 03:00:00+00:00,2021-06-13 03:00:00+00:00,1,1.5,3.655560255,WESTERN_GHATS_BENCHMARK,WG_01,25.65416666666667,76.125,939.0625,24.0,251.08333333333334,388.3333333333333
2021-06-14 00:00:00+00:00,18.451027,73.828125,2021-06-13 03:00:00+00:00,2021-06-14 03:00:00+00:00,1,4.2,8.185583115,WESTERN_GHATS_BENCHMARK,WG_01,25.954166666666666,75.04166666666667,937.8916666666668,21.4,251.66666666666666,322.0833333333333
2021-06-15 00:00:00+00:00,18.451027,73.828125,2021-06-14 03:00:00+00:00,2021-06-15 03:00:00+00:00,1,0.1,0.0,WESTERN_GHATS_BENCHMARK,WG_01,26.104166666666668,75.58333333333333,936.6666666666666,23.8,248.91666666666666,387.0833333333333
2021-06-16 00:00:00+00:00,18.451027,73.828125,2021-06-15 03:00:00+00:00,2021-06-16 03:00:00+00:00,1,0.3,1.907550573,WESTERN_GHATS_BENCHMARK,WG_01,25.97083333333333,75.45833333333333,936.4041666666667,23.1,247.75,412.0833333333333
2021-06-17 00:00:00+00:00,18.451027,73.828125,2021-06-16 03:00:00+00:00,2021-06-17 03:00:00+00:00,1,1.9000000000000001,5.244562149,WESTERN_GHATS_BENCHMARK,WG_01,24.541666666666668,79.33333333333333,937.6,21.0,243.75,257.9166666666667
2021-06-18 00:00:00+00:00,18.451027,73.828125,2021-06-17 03:00:00+00:00,2021-06-18 03:00:00+00:00,1,0.6000000000000001,0.0,WESTERN_GHATS_BENCHMARK,WG_01,23.683333333333334,84.91666666666667,938.0041666666666,20.1,231.41666666666666,223.75
2021-06-19 00:00:00+00:00,18.451027,73.828125,2021-06-18 03:00:00+00:00,2021-06-19 03:00:00+00:00,1,0.3,6.252313614,WESTERN_GHATS_BENCHMARK,WG_01,24.1375,78.375,939.3916666666668,24.7,237.66666666666666,106.25
2021-06-20 00:00:00+00:00,18.451027,73.828125,2021-06-19 03:00:00+00:00,2021-06-20 03:00:00+00:00,1,0.5,5.731808186,WESTERN_GHATS_BENCHMARK,WG_01,23.558333333333334,81.95833333333333,940.7416666666667,23.6,240.75,116.25
2021-06-21 00:00:00+00:00,18.451027,73.828125,2021-06-20 03:00:00+00:00,2021-06-21 03:00:00+00:00,1,0.0,0.0,WESTERN_GHATS_BENCHMARK,WG_01,23.96666666666667,78.33333333333333,941.9375,24.1,242.66666666666666,93.33333333333333
2021-06-22 00:00:00+00:00,18.451027,73.828125,2021-06-21 03:00:00+00:00,2021-06-22 03:00:00+00:00,1,0.4,0.0,WESTERN_GHATS_BENCHMARK,WG_01,24.866666666666664,76.125,941.9375,22.9,253.20833333333334,155.41666666666666
2021-06-23 00:00:00+00:00,18.451027,73.828125,2021-06-22 03:00:00+00:00,2021-06-23 03:00:00+00:00,1,0.30000000000000004,0.0,WESTERN_GHATS_BENCHMARK,WG_01,25.070833333333336,76.375,941.6374999999999,22.6,254.375,219.16666666666666
2021-06-24 00:00:00+00:00,18.451027,73.828125,2021-06-23 03:00:00+00:00,2021-06-24 03:00:00+00:00,1,0.0,1.61134243,WESTERN_GHATS_BENCHMARK,WG_01,24.77916666666667,77.33333333333333,941.5458333333332,22.7,251.375,225.0
2021-06-25 00:00:00+00:00,18.451027,73.828125,2021-06-24 03:00:00+00:00,2021-06-25 03:00:00+00:00,1,1.6,0.0,WESTERN_GHATS_BENCHMARK,WG_01,24.070833333333336,77.875,941.6999999999999,23.9,249.75,62.916666666666664
2021-06-26 00:00:00+00:00,18.451027,73.828125,2021-06-25 03:00:00+00:00,2021-06-26 03:00:00+00:00,1,0.1,3.305151939,WESTERN_GHATS_BENCHMARK,WG_01,23.7625,80.16666666666667,940.5500000000001,25.2,254.0,20.0
2021-06-27 00:00:00+00:00,18.451027,73.828125,2021-06-26 03:00:00+00:00,2021-06-27 03:00:00+00:00,1,0.0,9.329951286,WESTERN_GHATS_BENCHMARK,WG_01,25.22083333333333,72.83333333333333,941.3291666666668,22.2,261.375,87.08333333333333
2021-06-28 00:00:00+00:00,18.451027,73.828125,2021-06-27 03:00:00+00:00,2021-06-28 03:00:00+00:00,1,6.2,15.80006409,WESTERN_GHATS_BENCHMARK,WG_01,23.945833333333336,81.41666666666667,942.0041666666666,15.5,262.9583333333333,184.58333333333334
2021-06-29 00:00:00+00:00,18.451027,73.828125,2021-06-28 03:00:00+00:00,2021-06-29 03:00:00+00:00,1,8.3,10.61840343,WESTERN_GHATS_BENCHMARK,WG_01,25.0625,78.5,940.9916666666667,13.6,252.70833333333334,282.0833333333333
2021-06-30 00:00:00+00:00,18.451027,73.828125,2021-06-29 03:00:00+00:00,2021-06-30 03:00:00+00:00,1,0.4,0.0,WESTERN_GHATS_BENCHMARK,WG_01,26.058333333333334,77.625,940.8166666666666,18.8,252.41666666666666,777.9166666666666
2021-07-01 00:00:00+00:00,18.451027,73.828125,2021-06-30 03:00:00+00:00,2021-07-01 03:00:00+00:00,1,2.0,0.0,WESTERN_GHATS_BENCHMARK,WG_01,26.28333333333333,75.625,940.5166666666668,20.5,256.6666666666667,645.0
2021-07-02 00:00:00+00:00,18.451027,73.828125,2021-07-01 03:00:00+00:00,2021-07-02 03:00:00+00:00,1,0.2,0.0,WESTERN_GHATS_BENCHMARK,WG_01,25.554166666666664,75.54166666666667,939.3208333333333,24.0,252.25,235.0
2021-07-03 00:00:00+00:00,18.451027,73.828125,2021-07-02 03:00:00+00:00,2021-07-03 03:00:00+00:00,1,0.2,0.0,WESTERN_GHATS_BENCHMARK,WG_01,25.625,75.25,940.2041666666668,24.1,247.20833333333334,302.5
2021-07-04 00:00:00+00:00,18.451027,73.828125,2021-07-03 03:00:00+00:00,2021-07-04 03:00:00+00:00,1,0.4,0.0,WESTERN_GHATS_BENCHMARK,WG_01,25.754166666666666,75.29166666666667,941.0416666666666,21.5,253.83333333333334,352.5
2021-07-05 00:00:00+00:00,18.451027,73.828125,2021-07-04 03:00:00+00:00,2021-07-05 03:00:00+00:00,1,2.0,0.0,WESTERN_GHATS_BENCHMARK,WG_01,26.204166666666666,74.375,941.275,16.2,262.7916666666667,515.8333333333334
2021-07-06 00:00:00+00:00,18.451027,73.828125,2021-07-05 03:00:00+00:00,2021-07-06 03:00:00+00:00,1,4.5,3.498739004,WESTERN_GHATS_BENCHMARK,WG_01,26.5625,72.54166666666667,940.6750000000001,16.5,266.2916666666667,604.1666666666666
2021-07-07 00:00:00+00:00,18.451027,73.828125,2021-07-06 03:00:00+00:00,2021-07-07 03:00:00+00:00,1,5.8999999999999995,0.0,WESTERN_GHATS_BENCHMARK,WG_01,26.96666666666667,71.79166666666667,939.6625,15.9,260.2916666666667,866.25
2021-07-08 00:00:00+00:00,18.451027,73.828125,2021-07-07 03:00:00+00:00,2021-07-08 03:00:00+00:00,1,21.099999999999998,9.537752151,WESTERN_GHATS_BENCHMARK,WG_01,26.45,75.79166666666667,940.2541666666666,18.0,246.83333333333334,766.25
2021-07-09 00:00:00+00:00,18.451027,73.828125,2021-07-08 03:00:00+00:00,2021-07-09 03:00:00+00:00,1,40.1,22.84290123,WESTERN_GHATS_BENCHMARK,WG_01,25.320833333333336,81.08333333333333,939.2083333333334,15.7,249.125,381.25
2021-07-10 00:00:00+00:00,18.451027,73.828125,2021-07-09 03:00:00+00:00,2021-07-10 03:00:00+00:00,1,13.6,25.85523987,WESTERN_GHATS_BENCHMARK,WG_01,23.625,86.58333333333333,937.7624999999999,13.0,246.58333333333334,156.25
2021-07-11 00:00:00+00:00,18.451027,73.828125,2021-07-10 03:00:00+00:00,2021-07-11 03:00:00+00:00,1,48.2,9.857875824,WESTERN_GHATS_BENCHMARK,WG_01,24.47083333333333,85.20833333333333,936.5791666666668,14.9,255.54166666666666,266.25
2021-07-12 00:00:00+00:00,18.451027,73.828125,2021-07-11 03:00:00+00:00,2021-07-12 03:00:00+00:00,1,15.3,12.61012077,WESTERN_GHATS_BENCHMARK,WG_01,24.787499999999998,88.04166666666667,935.7083333333334,13.8,230.375,602.9166666666666
2021-07-13 00:00:00+00:00,18.451027,73.828125,2021-07-12 03:00:00+00:00,2021-07-13 03:00:00+00:00,1,7.4,4.157700062,WESTERN_GHATS_BENCHMARK,WG_01,24.483333333333334,88.04166666666667,935.0833333333334,20.1,236.75,398.75
2021-07-14 00:00:00+00:00,18.451027,73.828125,2021-07-13 03:00:00+00:00,2021-07-14 03:00:00+00:00,1,18.5,9.486532211,WESTERN_GHATS_BENCHMARK,WG_01,22.616666666666664,94.91666666666667,936.4416666666666,16.3,237.91666666666666,125.0
2021-07-15 00:00:00+00:00,18.451027,73.828125,2021-07-14 03:00:00+00:00,2021-07-15 03:00:00+00:00,1,6.5,0.0,WESTERN_GHATS_BENCHMARK,WG_01,23.433333333333334,91.41666666666667,936.5875,19.4,249.33333333333334,181.66666666666666
2021-07-16 00:00:00+00:00,18.451027,73.828125,2021-07-15 03:00:00+00:00,2021-07-16 03:00:00+00:00,1,5.6,17.86709404,WESTERN_GHATS_BENCHMARK,WG_01,24.05,89.625,936.1750000000001,21.3,234.70833333333334,437.9166666666667
2021-07-17 00:00:00+00:00,18.451027,73.828125,2021-07-16 03:00:00+00:00,2021-07-17 03:00:00+00:00,1,0.6,7.585838318,WESTERN_GHATS_BENCHMARK,WG_01,24.05,89.91666666666667,939.0,18.0,236.79166666666666,405.8333333333333
2021-07-18 00:00:00+00:00,18.451027,73.828125,2021-07-17 03:00:00+00:00,2021-07-18 03:00:00+00:00,1,2.9,1.913762093,WESTERN_GHATS_BENCHMARK,WG_01,25.03333333333333,86.04166666666667,939.4791666666666,19.5,244.625,683.75
2021-07-19 00:00:00+00:00,18.451027,73.828125,2021-07-18 03:00:00+00:00,2021-07-19 03:00:00+00:00,1,1.9,0.364526123,WESTERN_GHATS_BENCHMARK,WG_01,23.604166666666668,88.875,938.6,16.9,247.54166666666666,161.25
2021-07-20 00:00:00+00:00,18.451027,73.828125,2021-07-19 03:00:00+00:00,2021-07-20 03:00:00+00:00,1,33.199999999999996,1.463236928,WESTERN_GHATS_BENCHMARK,WG_01,23.370833333333334,88.375,939.0875,18.1,252.29166666666666,156.66666666666666
2021-07-21 00:00:00+00:00,18.451027,73.828125,2021-07-20 03:00:00+00:00,2021-07-21 03:00:00+00:00,1,3.0,4.331996441,WESTERN_GHATS_BENCHMARK,WG_01,22.8875,88.875,940.3833333333333,26.6,255.91666666666666,54.583333333333336
2021-07-22 00:00:00+00:00,18.451027,73.828125,2021-07-21 03:00:00+00:00,2021-07-22 03:00:00+00:00,1,15.4,6.988029003,WESTERN_GHATS_BENCHMARK,WG_01,22.633333333333336,91.83333333333333,937.5708333333333,28.9,259.4583333333333,125.0
2021-07-23 00:00:00+00:00,18.451027,73.828125,2021-07-22 03:00:00+00:00,2021-07-23 03:00:00+00:00,1,0.4,1.054716825,WESTERN_GHATS_BENCHMARK,WG_01,22.991666666666664,92.29166666666667,935.5541666666667,22.0,251.875,318.3333333333333
2021-07-24 00:00:00+00:00,18.451027,73.828125,2021-07-23 03:00:00+00:00,2021-07-24 03:00:00+00:00,1,16.5,1.23954618,WESTERN_GHATS_BENCHMARK,WG_01,22.433333333333334,96.08333333333333,936.7333333333332,13.0,242.875,298.3333333333333
2021-07-25 00:00:00+00:00,18.451027,73.828125,2021-07-24 03:00:00+00:00,2021-07-25 03:00:00+00:00,1,0.7000000000000001,0.0,WESTERN_GHATS_BENCHMARK,WG_01,22.795833333333334,92.29166666666667,937.9583333333334,17.5,248.16666666666666,109.16666666666667
2021-07-26 00:00:00+00:00,18.451027,73.828125,2021-07-25 03:00:00+00:00,2021-07-26 03:00:00+00:00,1,1.2000000000000002,0.0,WESTERN_GHATS_BENCHMARK,WG_01,23.270833333333332,89.54166666666667,938.3791666666666,25.0,249.16666666666666,76.25
2021-07-27 00:00:00+00:00,18.451027,73.828125,2021-07-26 03:00:00+00:00,2021-07-27 03:00:00+00:00,1,1.2000000000000002,0.0,WESTERN_GHATS_BENCHMARK,WG_01,23.3,86.70833333333333,938.7666666666668,26.1,246.91666666666666,78.75
2021-07-28 00:00:00+00:00,18.451027,73.828125,2021-07-27 03:00:00+00:00,2021-07-28 03:00:00+00:00,1,0.5,0.0,WESTERN_GHATS_BENCHMARK,WG_01,23.675,82.20833333333333,938.5458333333332,29.3,250.625,43.75
2021-07-29 00:00:00+00:00,18.451027,73.828125,2021-07-28 03:00:00+00:00,2021-07-29 03:00:00+00:00,1,0.1,0.0,WESTERN_GHATS_BENCHMARK,WG_01,23.72083333333333,81.875,939.3249999999999,29.0,251.125,49.583333333333336
2021-07-30 00:00:00+00:00,18.451027,73.828125,2021-07-29 03:00:00+00:00,2021-07-30 03:00:00+00:00,1,0.4,0.0,WESTERN_GHATS_BENCHMARK,WG_01,22.583333333333332,89.29166666666667,940.0708333333333,23.2,253.45833333333334,57.083333333333336
2021-07-31 00:00:00+00:00,18.451027,73.828125,2021-07-30 03:00:00+00:00,2021-07-31 03:00:00+00:00,1,1.5,0.0,WESTERN_GHATS_BENCHMARK,WG_01,22.325,88.5,940.75,21.3,252.20833333333334,27.083333333333332
2021-08-01 00:00:00+00:00,18.451027,73.828125,2021-07-31 03:00:00+00:00,2021-08-01 03:00:00+00:00,1,0.2,0.0,WESTERN_GHATS_BENCHMARK,WG_01,23.620833333333334,83.70833333333333,940.9125,30.3,260.4166666666667,144.58333333333334
2021-08-02 00:00:00+00:00,18.451027,73.828125,2021-08-01 03:00:00+00:00,2021-08-02 03:00:00+00:00,1,0.0,0.0,WESTERN_GHATS_BENCHMARK,WG_01,23.854166666666668,82.45833333333333,939.8333333333334,31.4,256.6666666666667,198.75
2021-08-03 00:00:00+00:00,18.451027,73.828125,2021-08-02 03:00:00+00:00,2021-08-03 03:00:00+00:00,1,0.5,0.0,WESTERN_GHATS_BENCHMARK,WG_01,23.2625,85.54166666666667,940.6583333333333,26.7,254.875,146.66666666666666
2021-08-04 00:00:00+00:00,18.451027,73.828125,2021-08-03 03:00:00+00:00,2021-08-04 03:00:00+00:00,1,0.4,0.0,WESTERN_GHATS_BENCHMARK,WG_01,23.575,86.29166666666667,941.625,24.8,252.33333333333334,176.66666666666666
2021-08-05 00:00:00+00:00,18.451027,73.828125,2021-08-04 03:00:00+00:00,2021-08-05 03:00:00+00:00,1,0.30000000000000004,0.0,WESTERN_GHATS_BENCHMARK,WG_01,23.90416666666667,84.41666666666667,941.0208333333334,30.6,256.7083333333333,200.0
2021-08-06 00:00:00+00:00,18.451027,73.828125,2021-08-05 03:00:00+00:00,2021-08-06 03:00:00+00:00,1,0.6000000000000001,0.0,WESTERN_GHATS_BENCHMARK,WG_01,23.766666666666666,85.375,939.4458333333333,23.7,253.875,171.66666666666666
2021-08-07 00:00:00+00:00,18.451027,73.828125,2021-08-06 03:00:00+00:00,2021-08-07 03:00:00+00:00,1,0.0,0.0,WESTERN_GHATS_BENCHMARK,WG_01,24.22083333333333,83.75,939.25,26.6,250.08333333333334,219.16666666666666
2021-08-08 00:00:00+00:00,18.451027,73.828125,2021-08-07 03:00:00+00:00,2021-08-08 03:00:00+00:00,1,0.6000000000000001,0.0,WESTERN_GHATS_BENCHMARK,WG_01,24.8125,81.08333333333333,940.4875000000001,21.9,250.33333333333334,155.83333333333334
2021-08-09 00:00:00+00:00,18.451027,73.828125,2021-08-08 03:00:00+00:00,2021-08-09 03:00:00+00:00,1,2.5,0.0,WESTERN_GHATS_BENCHMARK,WG_01,24.974999999999998,82.16666666666667,941.5291666666667,19.2,250.04166666666666,240.0
2021-08-10 00:00:00+00:00,18.451027,73.828125,2021-08-09 03:00:00+00:00,2021-08-10 03:00:00+00:00,1,1.6,0.0,WESTERN_GHATS_BENCHMARK,WG_01,24.854166666666668,81.125,942.2624999999999,20.1,252.08333333333334,224.16666666666666
2021-08-11 00:00:00+00:00,18.451027,73.828125,2021-08-10 03:00:00+00:00,2021-08-11 03:00:00+00:00,1,1.0,0.0,WESTERN_GHATS_BENCHMARK,WG_01,24.462500000000002,81.875,942.0124999999999,20.4,248.83333333333334,232.5
2021-08-12 00:00:00+00:00,18.451027,73.828125,2021-08-11 03:00:00+00:00,2021-08-12 03:00:00+00:00,1,0.4,0.0,WESTERN_GHATS_BENCHMARK,WG_01,24.537499999999998,80.41666666666667,942.3208333333333,18.7,253.375,107.91666666666667
2021-08-13 00:00:00+00:00,18.451027,73.828125,2021-08-12 03:00:00+00:00,2021-08-13 03:00:00+00:00,1,0.6000000000000001,0.0,WESTERN_GHATS_BENCHMARK,WG_01,24.108333333333334,81.25,942.9333333333334,21.6,250.83333333333334,102.91666666666667
2021-08-14 00:00:00+00:00,18.451027,73.828125,2021-08-13 03:00:00+00:00,2021-08-14 03:00:00+00:00,1,0.6000000000000001,0.0,WESTERN_GHATS_BENCHMARK,WG_01,24.150000000000002,80.70833333333333,941.1750000000001,21.2,253.58333333333334,105.83333333333333
2021-08-15 00:00:00+00:00,18.451027,73.828125,2021-08-14 03:00:00+00:00,2021-08-15 03:00:00+00:00,1,0.30000000000000004,4.772677422,WESTERN_GHATS_BENCHMARK,WG_01,23.641666666666666,81.95833333333333,940.3000000000001,22.5,247.70833333333334,64.16666666666667
2021-08-16 00:00:00+00:00,18.451027,73.828125,2021-08-15 03:00:00+00:00,2021-08-16 03:00:00+00:00,1,1.4000000000000001,0.0,WESTERN_GHATS_BENCHMARK,WG_01,23.425,83.16666666666667,940.75,20.2,248.20833333333334,71.25
2021-08-17 00:00:00+00:00,18.451027,73.828125,2021-08-16 03:00:00+00:00,2021-08-17 03:00:00+00:00,1,8.9,1.322978973,WESTERN_GHATS_BENCHMARK,WG_01,23.608333333333334,85.70833333333333,941.5416666666666,14.8,247.375,142.91666666666666
2021-08-18 00:00:00+00:00,18.451027,73.828125,2021-08-17 03:00:00+00:00,2021-08-18 03:00:00+00:00,1,7.6000000000000005,3.447288513,WESTERN_GHATS_BENCHMARK,WG_01,22.2,91.125,941.1166666666667,10.4,251.75,70.41666666666667
2021-08-19 00:00:00+00:00,18.451027,73.828125,2021-08-18 03:00:00+00:00,2021-08-19 03:00:00+00:00,1,0.5,15.38596153,WESTERN_GHATS_BENCHMARK,WG_01,22.083333333333332,89.58333333333333,939.7041666666668,15.4,248.0,13.333333333333334
2021-08-20 00:00:00+00:00,18.451027,73.828125,2021-08-19 03:00:00+00:00,2021-08-20 03:00:00+00:00,1,0.8,0.0,WESTERN_GHATS_BENCHMARK,WG_01,21.65416666666667,89.58333333333333,939.875,10.5,247.0,8.75
2021-08-21 00:00:00+00:00,18.451027,73.828125,2021-08-20 03:00:00+00:00,2021-08-21 03:00:00+00:00,1,0.8,2.372563362,WESTERN_GHATS_BENCHMARK,WG_01,23.208333333333332,85.83333333333333,940.5666666666666,16.4,235.70833333333334,32.5
2021-08-22 00:00:00+00:00,18.451027,73.828125,2021-08-21 03:00:00+00:00,2021-08-22 03:00:00+00:00,1,1.4000000000000001,3.512940884,WESTERN_GHATS_BENCHMARK,WG_01,21.65833333333333,94.0,941.8541666666666,10.2,237.58333333333334,30.416666666666668
2021-08-23 00:00:00+00:00,18.451027,73.828125,2021-08-22 03:00:00+00:00,2021-08-23 03:00:00+00:00,1,0.2,6.165524483,WESTERN_GHATS_BENCHMARK,WG_01,23.233333333333334,85.75,941.6374999999999,14.4,247.20833333333334,207.5
2021-08-24 00:00:00+00:00,18.451027,73.828125,2021-08-23 03:00:00+00:00,2021-08-24 03:00:00+00:00,1,1.4,16.51898766,WESTERN_GHATS_BENCHMARK,WG_01,24.5,81.16666666666667,941.6458333333334,17.8,250.33333333333334,417.9166666666667
2021-08-25 00:00:00+00:00,18.451027,73.828125,2021-08-24 03:00:00+00:00,2021-08-25 03:00:00+00:00,1,0.8999999999999999,0.739317238,WESTERN_GHATS_BENCHMARK,WG_01,25.054166666666664,79.41666666666667,941.4250000000001,17.6,248.66666666666666,404.5833333333333
2021-08-26 00:00:00+00:00,18.451027,73.828125,2021-08-25 03:00:00+00:00,2021-08-26 03:00:00+00:00,1,1.3,0.0,WESTERN_GHATS_BENCHMARK,WG_01,24.675,81.25,940.125,18.0,250.875,330.8333333333333
2021-08-27 00:00:00+00:00,18.451027,73.828125,2021-08-26 03:00:00+00:00,2021-08-27 03:00:00+00:00,1,2.0,0.0,WESTERN_GHATS_BENCHMARK,WG_01,24.1375,84.04166666666667,939.2583333333333,20.3,248.375,249.16666666666666
2021-08-28 00:00:00+00:00,18.451027,73.828125,2021-08-27 03:00:00+00:00,2021-08-28 03:00:00+00:00,1,3.1,0.0,WESTERN_GHATS_BENCHMARK,WG_01,24.304166666666664,82.58333333333333,938.9541666666668,17.6,253.08333333333334,158.33333333333334
2021-08-29 00:00:00+00:00,18.451027,73.828125,2021-08-28 03:00:00+00:00,2021-08-29 03:00:00+00:00,1,1.4,23.27379227,WESTERN_GHATS_BENCHMARK,WG_01,24.195833333333336,80.66666666666667,937.8333333333334,19.6,256.9583333333333,103.33333333333333
2021-08-30 00:00:00+00:00,18.451027,73.828125,2021-08-29 03:00:00+00:00,2021-08-30 03:00:00+00:00,1,1.7,6.646798134,WESTERN_GHATS_BENCHMARK,WG_01,24.420833333333334,80.20833333333333,938.3541666666666,18.1,256.4583333333333,105.41666666666667
2021-08-31 00:00:00+00:00,18.451027,73.828125,2021-08-30 03:00:00+00:00,2021-08-31 03:00:00+00:00,1,9.5,27.6636467,WESTERN_GHATS_BENCHMARK,WG_01,23.900000000000002,82.75,939.4041666666667,18.4,258.7916666666667,80.0
2021-09-01 00:00:00+00:00,18.451027,73.828125,2021-08-31 03:00:00+00:00,2021-09-01 03:00:00+00:00,1,2.8000000000000003,4.110349655,WESTERN_GHATS_BENCHMARK,WG_01,22.287499999999998,90.75,939.7291666666666,15.1,245.125,10.833333333333334
2021-09-02 00:00:00+00:00,18.451027,73.828125,2021-09-01 03:00:00+00:00,2021-09-02 03:00:00+00:00,1,0.7,5.371822834,WESTERN_GHATS_BENCHMARK,WG_01,22.962500000000002,88.625,940.4291666666667,19.8,237.875,52.083333333333336
2021-09-03 00:00:00+00:00,18.451027,73.828125,2021-09-02 03:00:00+00:00,2021-09-03 03:00:00+00:00,1,0.0,0.0,WESTERN_GHATS_BENCHMARK,WG_01,23.6875,84.83333333333333,940.2083333333334,21.1,224.91666666666666,174.16666666666666
2021-09-04 00:00:00+00:00,18.451027,73.828125,2021-09-03 03:00:00+00:00,2021-09-04 03:00:00+00:00,1,1.3,0.0,WESTERN_GHATS_BENCHMARK,WG_01,24.4375,84.33333333333333,939.7916666666666,19.8,242.29166666666666,552.9166666666666
2021-09-05 00:00:00+00:00,18.451027,73.828125,2021-09-04 03:00:00+00:00,2021-09-05 03:00:00+00:00,1,12.799999999999999,64.7509613,WESTERN_GHATS_BENCHMARK,WG_01,24.337500000000002,84.75,940.0124999999999,19.0,252.20833333333334,466.25
2021-09-06 00:00:00+00:00,18.451027,73.828125,2021-09-05 03:00:00+00:00,2021-09-06 03:00:00+00:00,1,1.9000000000000001,24.23272896,WESTERN_GHATS_BENCHMARK,WG_01,22.537499999999998,92.20833333333333,939.8291666666668,10.7,242.25,163.33333333333334
2021-09-07 00:00:00+00:00,18.451027,73.828125,2021-09-06 03:00:00+00:00,2021-09-07 03:00:00+00:00,1,8.8,8.702643394,WESTERN_GHATS_BENCHMARK,WG_01,23.3125,89.5,938.7791666666667,11.6,245.125,229.16666666666666
2021-09-08 00:00:00+00:00,18.451027,73.828125,2021-09-07 03:00:00+00:00,2021-09-08 03:00:00+00:00,1,14.2,21.5935955,WESTERN_GHATS_BENCHMARK,WG_01,22.7,93.95833333333333,937.2916666666666,8.9,224.66666666666666,135.0
2021-09-09 00:00:00+00:00,18.451027,73.828125,2021-09-08 03:00:00+00:00,2021-09-09 03:00:00+00:00,1,5.4,0.0,WESTERN_GHATS_BENCHMARK,WG_01,22.537499999999998,93.125,938.5291666666667,20.7,234.58333333333334,113.75
2021-09-10 00:00:00+00:00,18.451027,73.828125,2021-09-09 03:00:00+00:00,2021-09-10 03:00:00+00:00,1,0.1,0.273394585,WESTERN_GHATS_BENCHMARK,WG_01,23.016666666666666,88.75,941.0458333333332,26.0,243.95833333333334,183.75
2021-09-11 00:00:00+00:00,18.451027,73.828125,2021-09-10 03:00:00+00:00,2021-09-11 03:00:00+00:00,1,0.7000000000000001,0.0,WESTERN_GHATS_BENCHMARK,WG_01,23.09166666666667,90.70833333333333,939.8291666666668,23.1,240.625,205.41666666666666
2021-09-12 00:00:00+00:00,18.451027,73.828125,2021-09-11 03:00:00+00:00,2021-09-12 03:00:00+00:00,1,2.5,3.059767246,WESTERN_GHATS_BENCHMARK,WG_01,22.695833333333336,94.33333333333333,938.1958333333333,12.1,235.29166666666666,200.0
2021-09-13 00:00:00+00:00,18.451027,73.828125,2021-09-12 03:00:00+00:00,2021-09-13 03:00:00+00:00,1,5.0,16.59439087,WESTERN_GHATS_BENCHMARK,WG_01,22.516666666666666,96.79166666666667,936.7125,10.0,244.16666666666666,235.83333333333334
2021-09-14 00:00:00+00:00,18.451027,73.828125,2021-09-13 03:00:00+00:00,2021-09-14 03:00:00+00:00,1,5.300000000000001,6.776529312,WESTERN_GHATS_BENCHMARK,WG_01,22.52916666666667,96.58333333333333,936.6166666666667,14.7,242.58333333333334,132.08333333333334
2021-09-15 00:00:00+00:00,18.451027,73.828125,2021-09-14 03:00:00+00:00,2021-09-15 03:00:00+00:00,1,0.0,0.0,WESTERN_GHATS_BENCHMARK,WG_01,23.241666666666664,87.58333333333333,937.875,23.3,244.08333333333334,39.583333333333336
2021-09-16 00:00:00+00:00,18.451027,73.828125,2021-09-15 03:00:00+00:00,2021-09-16 03:00:00+00:00,1,0.0,0.0,WESTERN_GHATS_BENCHMARK,WG_01,22.400000000000002,89.04166666666667,939.25,20.5,226.5,28.75
2021-09-17 00:00:00+00:00,18.451027,73.828125,2021-09-16 03:00:00+00:00,2021-09-17 03:00:00+00:00,1,0.1,0.0,WESTERN_GHATS_BENCHMARK,WG_01,22.816666666666666,85.45833333333333,939.85,23.6,238.08333333333334,32.083333333333336
2021-09-18 00:00:00+00:00,18.451027,73.828125,2021-09-17 03:00:00+00:00,2021-09-18 03:00:00+00:00,1,0.4,0.0,WESTERN_GHATS_BENCHMARK,WG_01,22.912499999999998,84.20833333333333,940.5375,23.1,242.5,42.5
2021-09-19 00:00:00+00:00,18.451027,73.828125,2021-09-18 03:00:00+00:00,2021-09-19 03:00:00+00:00,1,0.5,0.0,WESTERN_GHATS_BENCHMARK,WG_01,23.3125,84.79166666666667,942.2958333333332,17.7,240.79166666666666,63.75
2021-09-20 00:00:00+00:00,18.451027,73.828125,2021-09-19 03:00:00+00:00,2021-09-20 03:00:00+00:00,1,2.1,0.0,WESTERN_GHATS_BENCHMARK,WG_01,23.912499999999998,85.625,943.4,18.0,246.375,314.1666666666667
2021-09-21 00:00:00+00:00,18.451027,73.828125,2021-09-20 03:00:00+00:00,2021-09-21 03:00:00+00:00,1,1.2,4.585099697,WESTERN_GHATS_BENCHMARK,WG_01,23.712500000000002,85.91666666666667,942.3125,18.0,249.0,261.6666666666667
2021-09-22 00:00:00+00:00,18.451027,73.828125,2021-09-21 03:00:00+00:00,2021-09-22 03:00:00+00:00,1,1.3,1.71264565,WESTERN_GHATS_BENCHMARK,WG_01,23.641666666666666,85.125,941.1750000000001,21.7,249.875,222.91666666666666
2021-09-23 00:00:00+00:00,18.451027,73.828125,2021-09-22 03:00:00+00:00,2021-09-23 03:00:00+00:00,1,1.3,15.74374008,WESTERN_GHATS_BENCHMARK,WG_01,23.212500000000002,85.83333333333333,940.15,20.2,247.29166666666666,95.83333333333333
2021-09-24 00:00:00+00:00,18.451027,73.828125,2021-09-23 03:00:00+00:00,2021-09-24 03:00:00+00:00,1,4.1,26.79428864,WESTERN_GHATS_BENCHMARK,WG_01,23.47083333333333,84.625,940.9,17.7,249.625,177.08333333333334
2021-09-25 00:00:00+00:00,18.451027,73.828125,2021-09-24 03:00:00+00:00,2021-09-25 03:00:00+00:00,1,3.2,2.801613569,WESTERN_GHATS_BENCHMARK,WG_01,23.53333333333333,84.41666666666667,941.275,14.8,257.75,143.75
2021-09-26 00:00:00+00:00,18.451027,73.828125,2021-09-25 03:00:00+00:00,2021-09-26 03:00:00+00:00,1,1.7999999999999998,22.26830864,WESTERN_GHATS_BENCHMARK,WG_01,23.791666666666668,83.04166666666667,940.9125,17.2,254.625,122.91666666666667
2021-09-27 00:00:00+00:00,18.451027,73.828125,2021-09-26 03:00:00+00:00,2021-09-27 03:00:00+00:00,1,3.5,24.16366386,WESTERN_GHATS_BENCHMARK,WG_01,23.708333333333332,84.41666666666667,939.1750000000001,16.5,260.7083333333333,117.5
2021-09-28 00:00:00+00:00,18.451027,73.828125,2021-09-27 03:00:00+00:00,2021-09-28 03:00:00+00:00,1,3.3,19.58953667,WESTERN_GHATS_BENCHMARK,WG_01,22.854166666666668,87.375,937.9083333333333,15.6,257.2083333333333,62.5
2021-09-29 00:00:00+00:00,18.451027,73.828125,2021-09-28 03:00:00+00:00,2021-09-29 03:00:00+00:00,1,1.6,7.067484379,WESTERN_GHATS_BENCHMARK,WG_01,21.40416666666667,93.875,937.9916666666667,15.4,228.41666666666666,37.916666666666664
2021-09-30 00:00:00+00:00,18.451027,73.828125,2021-09-29 03:00:00+00:00,2021-09-30 03:00:00+00:00,1,0.0,1.335285306,WESTERN_GHATS_BENCHMARK,WG_01,23.5125,85.5,940.3249999999999,23.3,207.08333333333334,84.16666666666667
2022-06-01 00:00:00+00:00,18.451027,73.828125,2022-05-31 03:00:00+00:00,2022-06-01 03:00:00+00:00,1,13.200000000000001,8.382414818,WESTERN_GHATS_BENCHMARK,WG_01,28.537499999999998,58.375,940.0041666666666,27.0,251.875,512.0833333333334
2022-06-02 00:00:00+00:00,18.451027,73.828125,2022-06-01 03:00:00+00:00,2022-06-02 03:00:00+00:00,1,4.1,0.0,WESTERN_GHATS_BENCHMARK,WG_01,28.395833333333332,56.5,940.2166666666667,22.5,258.125,258.75
2022-06-03 00:00:00+00:00,18.451027,73.828125,2022-06-02 03:00:00+00:00,2022-06-03 03:00:00+00:00,1,1.9,0.0,WESTERN_GHATS_BENCHMARK,WG_01,28.245833333333334,60.166666666666664,940.5916666666667,25.2,272.7916666666667,462.9166666666667
2022-06-04 00:00:00+00:00,18.451027,73.828125,2022-06-03 03:00:00+00:00,2022-06-04 03:00:00+00:00,1,0.0,0.0,WESTERN_GHATS_BENCHMARK,WG_01,29.175,51.083333333333336,940.1,25.3,274.4583333333333,128.33333333333334
2022-06-05 00:00:00+00:00,18.451027,73.828125,2022-06-04 03:00:00+00:00,2022-06-05 03:00:00+00:00,1,0.0,0.0,WESTERN_GHATS_BENCHMARK,WG_01,30.1875,51.708333333333336,939.65,22.2,275.875,523.3333333333334
2022-06-06 00:00:00+00:00,18.451027,73.828125,2022-06-05 03:00:00+00:00,2022-06-06 03:00:00+00:00,1,0.8,0.0,WESTERN_GHATS_BENCHMARK,WG_01,29.337500000000002,57.291666666666664,939.8458333333333,29.3,229.08333333333334,652.5
2022-06-07 00:00:00+00:00,18.451027,73.828125,2022-06-06 03:00:00+00:00,2022-06-07 03:00:00+00:00,1,25.3,0.0,WESTERN_GHATS_BENCHMARK,WG_01,28.483333333333334,59.375,940.1458333333334,22.2,265.7083333333333,452.9166666666667
2022-06-08 00:00:00+00:00,18.451027,73.828125,2022-06-07 03:00:00+00:00,2022-06-08 03:00:00+00:00,1,25.5,0.0,WESTERN_GHATS_BENCHMARK,WG_01,27.129166666666666,69.33333333333333,940.3541666666666,20.8,258.5,708.75
2022-06-09 00:00:00+00:00,18.451027,73.828125,2022-06-08 03:00:00+00:00,2022-06-09 03:00:00+00:00,1,13.6,14.50570011,WESTERN_GHATS_BENCHMARK,WG_01,27.829166666666666,66.125,940.0583333333334,27.4,228.125,1035.4166666666667
2022-06-10 00:00:00+00:00,18.451027,73.828125,2022-06-09 03:00:00+00:00,2022-06-10 03:00:00+00:00,1,3.0000000000000004,0.0,WESTERN_GHATS_BENCHMARK,WG_01,27.46666666666667,69.75,939.0791666666668,26.0,256.125,963.3333333333334
2022-06-11 00:00:00+00:00,18.451027,73.828125,2022-06-10 03:00:00+00:00,2022-06-11 03:00:00+00:00,1,2.0,0.0,WESTERN_GHATS_BENCHMARK,WG_01,27.383333333333336,68.83333333333333,939.3708333333334,23.4,248.58333333333334,803.75
2022-06-12 00:00:00+00:00,18.451027,73.828125,2022-06-11 03:00:00+00:00,2022-06-12 03:00:00+00:00,1,6.7,1.959887147,WESTERN_GHATS_BENCHMARK,WG_01,25.770833333333332,72.95833333333333,940.2041666666668,24.5,235.41666666666666,346.6666666666667
2022-06-13 00:00:00+00:00,18.451027,73.828125,2022-06-12 03:00:00+00:00,2022-06-13 03:00:00+00:00,1,1.3,1.353618979,WESTERN_GHATS_BENCHMARK,WG_01,24.895833333333332,76.20833333333333,940.5875,17.4,226.25,148.75
2022-06-14 00:00:00+00:00,18.451027,73.828125,2022-06-13 03:00:00+00:00,2022-06-14 03:00:00+00:00,1,0.0,0.0,WESTERN_GHATS_BENCHMARK,WG_01,26.858333333333334,66.58333333333333,941.1958333333333,25.3,241.20833333333334,236.66666666666666
2022-06-15 00:00:00+00:00,18.451027,73.828125,2022-06-14 03:00:00+00:00,2022-06-15 03:00:00+00:00,1,0.0,1.778079629,WESTERN_GHATS_BENCHMARK,WG_01,27.295833333333334,64.45833333333333,940.8083333333334,24.3,246.41666666666666,176.25
2022-06-16 00:00:00+00:00,18.451027,73.828125,2022-06-15 03:00:00+00:00,2022-06-16 03:00:00+00:00,1,0.0,0.187187091,WESTERN_GHATS_BENCHMARK,WG_01,27.2625,65.5,940.2125,24.5,252.29166666666666,210.0
2022-06-17 00:00:00+00:00,18.451027,73.828125,2022-06-16 03:00:00+00:00,2022-06-17 03:00:00+00:00,1,0.0,0.187187091,WESTERN_GHATS_BENCHMARK,WG_01,26.837500000000002,67.0,940.1958333333333,25.1,252.58333333333334,167.5
2022-06-18 00:00:00+00:00,18.451027,73.828125,2022-06-17 03:00:00+00:00,2022-06-18 03:00:00+00:00,1,0.0,0.0,WESTERN_GHATS_BENCHMARK,WG_01,27.175,65.04166666666667,939.6750000000001,23.6,251.625,189.58333333333334
2022-06-19 00:00:00+00:00,18.451027,73.828125,2022-06-18 03:00:00+00:00,2022-06-19 03:00:00+00:00,1,0.0,1.443873405,WESTERN_GHATS_BENCHMARK,WG_01,27.295833333333334,64.5,940.2666666666668,23.9,246.20833333333334,192.08333333333334
2022-06-20 00:00:00+00:00,18.451027,73.828125,2022-06-19 03:00:00+00:00,2022-06-20 03:00:00+00:00,1,0.0,0.0,WESTERN_GHATS_BENCHMARK,WG_01,26.729166666666668,67.75,940.0583333333334,25.1,245.25,254.16666666666666
2022-06-21 00:00:00+00:00,18.451027,73.828125,2022-06-20 03:00:00+00:00,2022-06-21 03:00:00+00:00,1,0.1,0.0,WESTERN_GHATS_BENCHMARK,WG_01,24.854166666666668,73.66666666666667,938.75,25.5,248.79166666666666,73.33333333333333
2022-06-22 00:00:00+00:00,18.451027,73.828125,2022-06-21 03:00:00+00:00,2022-06-22 03:00:00+00:00,1,2.0,0.0,WESTERN_GHATS_BENCHMARK,WG_01,25.275000000000002,73.95833333333333,937.7583333333333,25.3,237.91666666666666,260.8333333333333
2022-06-23 00:00:00+00:00,18.451027,73.828125,2022-06-22 03:00:00+00:00,2022-06-23 03:00:00+00:00,1,29.8,11.78903008,WESTERN_GHATS_BENCHMARK,WG_01,25.349999999999998,76.625,939.2541666666666,16.2,252.41666666666666,286.25
2022-06-24 00:00:00+00:00,18.451027,73.828125,2022-06-23 03:00:00+00:00,2022-06-24 03:00:00+00:00,1,35.2,5.879103184,WESTERN_GHATS_BENCHMARK,WG_01,25.566666666666666,77.70833333333333,939.2125,11.2,257.5416666666667,415.4166666666667
2022-06-25 00:00:00+00:00,18.451027,73.828125,2022-06-24 03:00:00+00:00,2022-06-25 03:00:00+00:00,1,129.9,6.430718899,WESTERN_GHATS_BENCHMARK,WG_01,24.837500000000002,81.375,936.9416666666666,18.1,221.45833333333334,320.0
2022-06-26 00:00:00+00:00,18.451027,73.828125,2022-06-25 03:00:00+00:00,2022-06-26 03:00:00+00:00,1,14.5,0.187187091,WESTERN_GHATS_BENCHMARK,WG_01,23.4375,89.04166666666667,935.6625,18.7,198.125,222.91666666666666
2022-06-27 00:00:00+00:00,18.451027,73.828125,2022-06-26 03:00:00+00:00,2022-06-27 03:00:00+00:00,1,0.9,8.580681801,WESTERN_GHATS_BENCHMARK,WG_01,23.6125,86.04166666666667,937.1541666666667,18.4,214.95833333333334,192.91666666666666
2022-06-28 00:00:00+00:00,18.451027,73.828125,2022-06-27 03:00:00+00:00,2022-06-28 03:00:00+00:00,1,4.6,2.469483376,WESTERN_GHATS_BENCHMARK,WG_01,23.412499999999998,89.33333333333333,938.8333333333334,15.3,227.25,331.6666666666667
2022-06-29 00:00:00+00:00,18.451027,73.828125,2022-06-28 03:00:00+00:00,2022-06-29 03:00:00+00:00,1,0.0,10.18499279,WESTERN_GHATS_BENCHMARK,WG_01,24.641666666666666,80.66666666666667,938.7583333333333,24.4,245.29166666666666,171.66666666666666
2022-06-30 00:00:00+00:00,18.451027,73.828125,2022-06-29 03:00:00+00:00,2022-06-30 03:00:00+00:00,1,2.9,0.835206807,WESTERN_GHATS_BENCHMARK,WG_01,25.97083333333333,75.41666666666667,937.6041666666666,21.9,252.5,322.5
2022-07-01 00:00:00+00:00,18.451027,73.828125,2022-06-30 03:00:00+00:00,2022-07-01 03:00:00+00:00,1,2.1999999999999997,4.952112675,WESTERN_GHATS_BENCHMARK,WG_01,24.733333333333334,82.33333333333333,937.9833333333332,19.9,246.33333333333334,233.75
2022-07-02 00:00:00+00:00,18.451027,73.828125,2022-07-01 03:00:00+00:00,2022-07-02 03:00:00+00:00,1,1.4000000000000001,0.561561286,WESTERN_GHATS_BENCHMARK,WG_01,23.22083333333333,90.625,938.0625,18.1,241.25,138.75
2022-07-03 00:00:00+00:00,18.451027,73.828125,2022-07-02 03:00:00+00:00,2022-07-03 03:00:00+00:00,1,0.7000000000000001,0.0,WESTERN_GHATS_BENCHMARK,WG_01,23.729166666666668,86.95833333333333,936.9666666666667,20.5,243.75,146.66666666666666
2022-07-04 00:00:00+00:00,18.451027,73.828125,2022-07-03 03:00:00+00:00,2022-07-04 03:00:00+00:00,1,0.30000000000000004,0.0,WESTERN_GHATS_BENCHMARK,WG_01,24.916666666666668,80.29166666666667,937.375,21.3,244.625,170.41666666666666
2022-07-05 00:00:00+00:00,18.451027,73.828125,2022-07-04 03:00:00+00:00,2022-07-05 03:00:00+00:00,1,2.1,4.911196232,WESTERN_GHATS_BENCHMARK,WG_01,23.770833333333332,91.0,936.0708333333333,18.1,242.16666666666666,319.1666666666667
2022-07-06 00:00:00+00:00,18.451027,73.828125,2022-07-05 03:00:00+00:00,2022-07-06 03:00:00+00:00,1,45.3,2.73431921,WESTERN_GHATS_BENCHMARK,WG_01,22.691666666666666,95.29166666666667,934.725,12.3,235.75,143.33333333333334
2022-07-07 00:00:00+00:00,18.451027,73.828125,2022-07-06 03:00:00+00:00,2022-07-07 03:00:00+00:00,1,26.4,0.369658619,WESTERN_GHATS_BENCHMARK,WG_01,23.02916666666667,93.25,937.6791666666667,12.3,231.29166666666666,149.58333333333334
2022-07-08 00:00:00+00:00,18.451027,73.828125,2022-07-07 03:00:00+00:00,2022-07-08 03:00:00+00:00,1,29.5,0.18482931,WESTERN_GHATS_BENCHMARK,WG_01,23.0,92.16666666666667,939.1708333333332,17.1,263.625,116.66666666666667
2022-07-09 00:00:00+00:00,18.451027,73.828125,2022-07-08 03:00:00+00:00,2022-07-09 03:00:00+00:00,1,27.5,10.21284866,WESTERN_GHATS_BENCHMARK,WG_01,22.40833333333333,92.125,937.8958333333334,19.9,258.2916666666667,72.91666666666667
2022-07-10 00:00:00+00:00,18.451027,73.828125,2022-07-09 03:00:00+00:00,2022-07-10 03:00:00+00:00,1,13.5,20.90394402,WESTERN_GHATS_BENCHMARK,WG_01,22.3625,89.66666666666667,937.5583333333334,19.7,261.4166666666667,87.5
2022-07-11 00:00:00+00:00,18.451027,73.828125,2022-07-10 03:00:00+00:00,2022-07-11 03:00:00+00:00,1,1.3,0.645619452,WESTERN_GHATS_BENCHMARK,WG_01,23.02916666666667,84.33333333333333,938.9666666666667,22.7,261.75,58.75
2022-07-12 00:00:00+00:00,18.451027,73.828125,2022-07-11 03:00:00+00:00,2022-07-12 03:00:00+00:00,1,8.6,1.542636514,WESTERN_GHATS_BENCHMARK,WG_01,22.21666666666667,89.125,939.8208333333333,21.0,260.5416666666667,55.833333333333336
2022-07-13 00:00:00+00:00,18.451027,73.828125,2022-07-12 03:00:00+00:00,2022-07-13 03:00:00+00:00,1,15.1,9.877053261,WESTERN_GHATS_BENCHMARK,WG_01,21.679166666666664,90.79166666666667,938.2125,22.1,258.875,40.833333333333336
2022-07-14 00:00:00+00:00,18.451027,73.828125,2022-07-13 03:00:00+00:00,2022-07-14 03:00:00+00:00,1,34.3,23.75298309,WESTERN_GHATS_BENCHMARK,WG_01,21.84583333333333,92.04166666666667,935.3416666666667,28.6,252.95833333333334,67.08333333333333
2022-07-15 00:00:00+00:00,18.451027,73.828125,2022-07-14 03:00:00+00:00,2022-07-15 03:00:00+00:00,1,12.3,0.342529148,WESTERN_GHATS_BENCHMARK,WG_01,22.900000000000002,90.66666666666667,933.5041666666666,26.0,246.625,93.33333333333333
2022-07-16 00:00:00+00:00,18.451027,73.828125,2022-07-15 03:00:00+00:00,2022-07-16 03:00:00+00:00,1,7.2,4.256340981,WESTERN_GHATS_BENCHMARK,WG_01,22.7625,91.25,935.3791666666666,28.2,241.5,72.91666666666667
2022-07-17 00:00:00+00:00,18.451027,73.828125,2022-07-16 03:00:00+00:00,2022-07-17 03:00:00+00:00,1,4.6,1.132678747,WESTERN_GHATS_BENCHMARK,WG_01,24.05,87.0,936.9250000000001,23.8,243.625,191.66666666666666
2022-07-18 00:00:00+00:00,18.451027,73.828125,2022-07-17 03:00:00+00:00,2022-07-18 03:00:00+00:00,1,2.9000000000000004,0.734184682,WESTERN_GHATS_BENCHMARK,WG_01,23.087500000000002,91.20833333333333,938.6041666666666,19.6,247.91666666666666,170.41666666666666
2022-07-19 00:00:00+00:00,18.451027,73.828125,2022-07-18 03:00:00+00:00,2022-07-19 03:00:00+00:00,1,7.7,3.666164398,WESTERN_GHATS_BENCHMARK,WG_01,21.704166666666666,95.75,939.0958333333333,13.2,242.95833333333334,97.5
2022-07-20 00:00:00+00:00,18.451027,73.828125,2022-07-19 03:00:00+00:00,2022-07-20 03:00:00+00:00,1,0.2,0.0,WESTERN_GHATS_BENCHMARK,WG_01,22.28333333333333,93.25,939.8000000000001,17.4,240.04166666666666,55.416666666666664
2022-07-21 00:00:00+00:00,18.451027,73.828125,2022-07-20 03:00:00+00:00,2022-07-21 03:00:00+00:00,1,0.1,0.0,WESTERN_GHATS_BENCHMARK,WG_01,23.849999999999998,84.45833333333333,940.475,23.0,248.20833333333334,115.83333333333333
2022-07-22 00:00:00+00:00,18.451027,73.828125,2022-07-21 03:00:00+00:00,2022-07-22 03:00:00+00:00,1,0.0,0.0,WESTERN_GHATS_BENCHMARK,WG_01,24.0125,82.66666666666667,941.1958333333333,19.1,252.66666666666666,122.5
2022-07-23 00:00:00+00:00,18.451027,73.828125,2022-07-22 03:00:00+00:00,2022-07-23 03:00:00+00:00,1,0.1,0.0,WESTERN_GHATS_BENCHMARK,WG_01,23.558333333333334,83.70833333333333,940.6583333333333,19.9,254.375,97.91666666666667
2022-07-24 00:00:00+00:00,18.451027,73.828125,2022-07-23 03:00:00+00:00,2022-07-24 03:00:00+00:00,1,1.6,5.172160625,WESTERN_GHATS_BENCHMARK,WG_01,22.8875,88.29166666666667,939.3000000000001,21.6,253.20833333333334,64.58333333333333
2022-07-25 00:00:00+00:00,18.451027,73.828125,2022-07-24 03:00:00+00:00,2022-07-25 03:00:00+00:00,1,2.0,0.534749627,WESTERN_GHATS_BENCHMARK,WG_01,21.59166666666667,96.25,939.6208333333334,10.6,236.79166666666666,50.416666666666664
2022-07-26 00:00:00+00:00,18.451027,73.828125,2022-07-25 03:00:00+00:00,2022-07-26 03:00:00+00:00,1,0.6000000000000001,0.0,WESTERN_GHATS_BENCHMARK,WG_01,22.458333333333332,91.25,941.3583333333332,13.2,244.75,70.83333333333333
2022-07-27 00:00:00+00:00,18.451027,73.828125,2022-07-26 03:00:00+00:00,2022-07-27 03:00:00+00:00,1,3.7,1.146842957,WESTERN_GHATS_BENCHMARK,WG_01,23.84583333333333,84.08333333333333,942.0541666666667,16.9,247.08333333333334,188.75
2022-07-28 00:00:00+00:00,18.451027,73.828125,2022-07-27 03:00:00+00:00,2022-07-28 03:00:00+00:00,1,1.5,0.828891933,WESTERN_GHATS_BENCHMARK,WG_01,24.15416666666667,83.54166666666667,942.1875,12.8,273.7916666666667,300.0
2022-07-29 00:00:00+00:00,18.451027,73.828125,2022-07-28 03:00:00+00:00,2022-07-29 03:00:00+00:00,1,4.9,12.32954502,WESTERN_GHATS_BENCHMARK,WG_01,25.929166666666664,77.625,942.475,10.5,252.33333333333334,937.5
2022-07-30 00:00:00+00:00,18.451027,73.828125,2022-07-29 03:00:00+00:00,2022-07-30 03:00:00+00:00,1,18.7,1.370116591,WESTERN_GHATS_BENCHMARK,WG_01,25.912499999999998,80.375,941.975,11.1,257.9166666666667,1231.6666666666667
2022-07-31 00:00:00+00:00,18.451027,73.828125,2022-07-30 03:00:00+00:00,2022-07-31 03:00:00+00:00,1,6.0,1.609204769,WESTERN_GHATS_BENCHMARK,WG_01,25.245833333333334,82.33333333333333,940.7333333333332,14.2,267.4166666666667,752.5
2022-08-01 00:00:00+00:00,18.451027,73.828125,2022-07-31 03:00:00+00:00,2022-08-01 03:00:00+00:00,1,1.2,1.848293066,WESTERN_GHATS_BENCHMARK,WG_01,24.90833333333333,80.75,939.8041666666667,18.5,264.9166666666667,376.25
2022-08-02 00:00:00+00:00,18.451027,73.828125,2022-08-01 03:00:00+00:00,2022-08-02 03:00:00+00:00,1,5.2,0.0,WESTERN_GHATS_BENCHMARK,WG_01,24.59166666666667,81.83333333333333,939.8041666666667,16.2,265.0,286.25
2022-08-03 00:00:00+00:00,18.451027,73.828125,2022-08-02 03:00:00+00:00,2022-08-03 03:00:00+00:00,1,0.4,5.765262604,WESTERN_GHATS_BENCHMARK,WG_01,24.912499999999998,80.875,938.6791666666667,17.8,269.25,329.1666666666667
2022-08-04 00:00:00+00:00,18.451027,73.828125,2022-08-03 03:00:00+00:00,2022-08-04 03:00:00+00:00,1,2.5,30.12751389,WESTERN_GHATS_BENCHMARK,WG_01,25.3125,80.91666666666667,938.1541666666667,13.3,263.0,525.4166666666666
2022-08-05 00:00:00+00:00,18.451027,73.828125,2022-08-04 03:00:00+00:00,2022-08-05 03:00:00+00:00,1,53.3,11.10863781,WESTERN_GHATS_BENCHMARK,WG_01,25.0125,83.29166666666667,937.0749999999999,10.1,257.5,456.6666666666667
2022-08-06 00:00:00+00:00,18.451027,73.828125,2022-08-05 03:00:00+00:00,2022-08-06 03:00:00+00:00,1,4.4,0.0,WESTERN_GHATS_BENCHMARK,WG_01,23.691666666666666,89.20833333333333,935.9958333333334,17.2,234.08333333333334,254.58333333333334
2022-08-07 00:00:00+00:00,18.451027,73.828125,2022-08-06 03:00:00+00:00,2022-08-07 03:00:00+00:00,1,0.5,0.415224373,WESTERN_GHATS_BENCHMARK,WG_01,23.650000000000002,91.375,935.2291666666666,15.1,233.625,371.25
2022-08-08 00:00:00+00:00,18.451027,73.828125,2022-08-07 03:00:00+00:00,2022-08-08 03:00:00+00:00,1,5.9,10.03891182,WESTERN_GHATS_BENCHMARK,WG_01,24.016666666666666,88.54166666666667,934.8833333333333,19.8,250.25,326.6666666666667
2022-08-09 00:00:00+00:00,18.451027,73.828125,2022-08-08 03:00:00+00:00,2022-08-09 03:00:00+00:00,1,23.7,5.053399086,WESTERN_GHATS_BENCHMARK,WG_01,22.675,93.04166666666667,933.0583333333334,29.2,230.29166666666666,74.16666666666667
2022-08-10 00:00:00+00:00,18.451027,73.828125,2022-08-09 03:00:00+00:00,2022-08-10 03:00:00+00:00,1,10.1,19.28405762,WESTERN_GHATS_BENCHMARK,WG_01,22.479166666666668,92.04166666666667,932.9916666666667,22.2,245.66666666666666,73.33333333333333
2022-08-11 00:00:00+00:00,18.451027,73.828125,2022-08-10 03:00:00+00:00,2022-08-11 03:00:00+00:00,1,8.6,0.0,WESTERN_GHATS_BENCHMARK,WG_01,22.508333333333336,92.95833333333333,932.7708333333334,24.3,239.25,67.08333333333333
2022-08-12 00:00:00+00:00,18.451027,73.828125,2022-08-11 03:00:00+00:00,2022-08-12 03:00:00+00:00,1,2.9000000000000004,0.0,WESTERN_GHATS_BENCHMARK,WG_01,22.508333333333336,92.5,935.2666666666668,27.4,241.08333333333334,87.91666666666667
2022-08-13 00:00:00+00:00,18.451027,73.828125,2022-08-12 03:00:00+00:00,2022-08-13 03:00:00+00:00,1,1.5,0.0,WESTERN_GHATS_BENCHMARK,WG_01,22.25,93.79166666666667,937.3625000000001,20.5,244.5,74.58333333333333
2022-08-14 00:00:00+00:00,18.451027,73.828125,2022-08-13 03:00:00+00:00,2022-08-14 03:00:00+00:00,1,0.8,0.0,WESTERN_GHATS_BENCHMARK,WG_01,22.395833333333332,93.20833333333333,938.9875000000001,14.6,243.75,98.75
2022-08-15 00:00:00+00:00,18.451027,73.828125,2022-08-14 03:00:00+00:00,2022-08-15 03:00:00+00:00,1,1.5,0.182263061,WESTERN_GHATS_BENCHMARK,WG_01,22.287499999999998,93.25,939.8916666666668,17.6,244.45833333333334,147.91666666666666
2022-08-16 00:00:00+00:00,18.451027,73.828125,2022-08-15 03:00:00+00:00,2022-08-16 03:00:00+00:00,1,6.0,5.0703969,WESTERN_GHATS_BENCHMARK,WG_01,22.041666666666668,93.91666666666667,939.8458333333333,14.4,246.95833333333334,120.41666666666667
2022-08-17 00:00:00+00:00,18.451027,73.828125,2022-08-16 03:00:00+00:00,2022-08-17 03:00:00+00:00,1,2.5,0.0,WESTERN_GHATS_BENCHMARK,WG_01,21.8625,94.58333333333333,939.875,19.0,235.70833333333334,57.916666666666664
2022-08-18 00:00:00+00:00,18.451027,73.828125,2022-08-17 03:00:00+00:00,2022-08-18 03:00:00+00:00,1,1.5,0.0,WESTERN_GHATS_BENCHMARK,WG_01,21.920833333333334,95.45833333333333,940.6458333333334,12.0,232.75,82.08333333333333
2022-08-19 00:00:00+00:00,18.451027,73.828125,2022-08-18 03:00:00+00:00,2022-08-19 03:00:00+00:00,1,0.9,0.0,WESTERN_GHATS_BENCHMARK,WG_01,22.71666666666667,89.08333333333333,940.9166666666666,19.4,242.41666666666666,120.0
2022-08-20 00:00:00+00:00,18.451027,73.828125,2022-08-19 03:00:00+00:00,2022-08-20 03:00:00+00:00,1,0.4,0.0,WESTERN_GHATS_BENCHMARK,WG_01,22.625,91.25,941.2291666666666,19.0,245.875,148.75
2022-08-21 00:00:00+00:00,18.451027,73.828125,2022-08-20 03:00:00+00:00,2022-08-21 03:00:00+00:00,1,0.1,0.0,WESTERN_GHATS_BENCHMARK,WG_01,23.179166666666664,87.79166666666667,940.3000000000001,22.6,250.95833333333334,197.08333333333334
2022-08-22 00:00:00+00:00,18.451027,73.828125,2022-08-21 03:00:00+00:00,2022-08-22 03:00:00+00:00,1,0.0,0.0,WESTERN_GHATS_BENCHMARK,WG_01,23.508333333333336,85.70833333333333,939.2208333333333,26.7,256.6666666666667,245.83333333333334
2022-08-23 00:00:00+00:00,18.451027,73.828125,2022-08-22 03:00:00+00:00,2022-08-23 03:00:00+00:00,1,0.0,0.0,WESTERN_GHATS_BENCHMARK,WG_01,23.495833333333334,86.125,938.6041666666666,28.8,253.45833333333334,218.75
2022-08-24 00:00:00+00:00,18.451027,73.828125,2022-08-23 03:00:00+00:00,2022-08-24 03:00:00+00:00,1,0.8,0.0,WESTERN_GHATS_BENCHMARK,WG_01,23.0125,88.70833333333333,940.1583333333333,23.2,243.54166666666666,167.08333333333334
2022-08-25 00:00:00+00:00,18.451027,73.828125,2022-08-24 03:00:00+00:00,2022-08-25 03:00:00+00:00,1,0.4,0.0,WESTERN_GHATS_BENCHMARK,WG_01,22.837500000000002,87.33333333333333,941.7083333333334,21.2,243.0,177.5
2022-08-26 00:00:00+00:00,18.451027,73.828125,2022-08-25 03:00:00+00:00,2022-08-26 03:00:00+00:00,1,1.5,0.0,WESTERN_GHATS_BENCHMARK,WG_01,23.108333333333334,85.125,941.25,20.2,245.54166666666666,187.5
2022-08-27 00:00:00+00:00,18.451027,73.828125,2022-08-26 03:00:00+00:00,2022-08-27 03:00:00+00:00,1,2.1999999999999997,0.0,WESTERN_GHATS_BENCHMARK,WG_01,23.679166666666664,82.54166666666667,941.2791666666667,17.5,257.3333333333333,120.0
2022-08-28 00:00:00+00:00,18.451027,73.828125,2022-08-27 03:00:00+00:00,2022-08-28 03:00:00+00:00,1,0.5,0.0,WESTERN_GHATS_BENCHMARK,WG_01,23.349999999999998,80.45833333333333,941.4250000000001,18.9,262.6666666666667,97.5
2022-08-29 00:00:00+00:00,18.451027,73.828125,2022-08-28 03:00:00+00:00,2022-08-29 03:00:00+00:00,1,0.30000000000000004,0.0,WESTERN_GHATS_BENCHMARK,WG_01,23.420833333333334,79.58333333333333,941.1999999999999,17.7,281.0,32.916666666666664
2022-08-30 00:00:00+00:00,18.451027,73.828125,2022-08-29 03:00:00+00:00,2022-08-30 03:00:00+00:00,1,0.30000000000000004,0.0,WESTERN_GHATS_BENCHMARK,WG_01,24.229166666666668,80.04166666666667,942.3916666666668,16.6,306.625,137.91666666666666
2022-08-31 00:00:00+00:00,18.451027,73.828125,2022-08-30 03:00:00+00:00,2022-08-31 03:00:00+00:00,1,17.9,0.0,WESTERN_GHATS_BENCHMARK,WG_01,25.1875,81.54166666666667,942.0041666666666,9.1,211.04166666666666,846.6666666666666
2022-09-01 00:00:00+00:00,18.451027,73.828125,2022-08-31 03:00:00+00:00,2022-09-01 03:00:00+00:00,1,25.599999999999998,23.70016861,WESTERN_GHATS_BENCHMARK,WG_01,25.683333333333334,78.33333333333333,940.6791666666667,10.5,176.41666666666666,945.4166666666666
2022-09-02 00:00:00+00:00,18.451027,73.828125,2022-09-01 03:00:00+00:00,2022-09-02 03:00:00+00:00,1,0.0,7.373975277,WESTERN_GHATS_BENCHMARK,WG_01,24.8125,80.58333333333333,941.1458333333334,7.9,183.16666666666666,757.9166666666666
2022-09-03 00:00:00+00:00,18.451027,73.828125,2022-09-02 03:00:00+00:00,2022-09-03 03:00:00+00:00,1,1.6,0.0,WESTERN_GHATS_BENCHMARK,WG_01,26.383333333333336,74.91666666666667,941.5541666666667,13.1,179.58333333333334,817.9166666666666
2022-09-04 00:00:00+00:00,18.451027,73.828125,2022-09-03 03:00:00+00:00,2022-09-04 03:00:00+00:00,1,2.6,0.0,WESTERN_GHATS_BENCHMARK,WG_01,25.5125,83.08333333333333,941.4458333333333,15.2,222.45833333333334,1073.75
2022-09-05 00:00:00+00:00,18.451027,73.828125,2022-09-04 03:00:00+00:00,2022-09-05 03:00:00+00:00,1,6.7,1.514188886,WESTERN_GHATS_BENCHMARK,WG_01,25.15416666666667,84.5,941.9291666666667,13.9,255.45833333333334,915.8333333333334
2022-09-06 00:00:00+00:00,18.451027,73.828125,2022-09-05 03:00:00+00:00,2022-09-06 03:00:00+00:00,1,7.2,0.524792194,WESTERN_GHATS_BENCHMARK,WG_01,24.566666666666666,86.04166666666667,941.3249999999999,12.6,270.5,721.6666666666666
2022-09-07 00:00:00+00:00,18.451027,73.828125,2022-09-06 03:00:00+00:00,2022-09-07 03:00:00+00:00,1,31.6,0.685058296,WESTERN_GHATS_BENCHMARK,WG_01,24.849999999999998,83.16666666666667,940.8458333333333,9.4,311.5,600.8333333333334
2022-09-08 00:00:00+00:00,18.451027,73.828125,2022-09-07 03:00:00+00:00,2022-09-08 03:00:00+00:00,1,35.3,17.63468742,WESTERN_GHATS_BENCHMARK,WG_01,24.945833333333336,83.625,940.6,10.5,185.625,513.3333333333334
2022-09-09 00:00:00+00:00,18.451027,73.828125,2022-09-08 03:00:00+00:00,2022-09-09 03:00:00+00:00,1,19.4,34.78452301,WESTERN_GHATS_BENCHMARK,WG_01,24.03333333333333,88.45833333333333,939.3249999999999,7.1,202.91666666666666,523.3333333333334
2022-09-10 00:00:00+00:00,18.451027,73.828125,2022-09-09 03:00:00+00:00,2022-09-10 03:00:00+00:00,1,17.9,9.13714695,WESTERN_GHATS_BENCHMARK,WG_01,24.979166666666668,83.66666666666667,939.0,12.6,136.29166666666666,449.1666666666667
2022-09-11 00:00:00+00:00,18.451027,73.828125,2022-09-10 03:00:00+00:00,2022-09-11 03:00:00+00:00,1,5.7,5.872121811,WESTERN_GHATS_BENCHMARK,WG_01,24.9875,81.54166666666667,938.2624999999999,10.6,200.33333333333334,463.75
2022-09-12 00:00:00+00:00,18.451027,73.828125,2022-09-11 03:00:00+00:00,2022-09-12 03:00:00+00:00,1,42.1,8.415603638,WESTERN_GHATS_BENCHMARK,WG_01,24.84166666666667,85.79166666666667,936.0958333333333,9.7,210.95833333333334,568.3333333333334
2022-09-13 00:00:00+00:00,18.451027,73.828125,2022-09-12 03:00:00+00:00,2022-09-13 03:00:00+00:00,1,54.300000000000004,26.74438858,WESTERN_GHATS_BENCHMARK,WG_01,23.474999999999998,92.83333333333333,935.8708333333334,10.4,217.95833333333334,378.3333333333333
2022-09-14 00:00:00+00:00,18.451027,73.828125,2022-09-13 03:00:00+00:00,2022-09-14 03:00:00+00:00,1,3.0,2.013169765,WESTERN_GHATS_BENCHMARK,WG_01,22.670833333333334,96.16666666666667,938.8041666666667,13.7,237.625,297.0833333333333
2022-09-15 00:00:00+00:00,18.451027,73.828125,2022-09-14 03:00:00+00:00,2022-09-15 03:00:00+00:00,1,0.9,0.0,WESTERN_GHATS_BENCHMARK,WG_01,22.395833333333332,94.70833333333333,940.7875,16.1,230.625,174.16666666666666
2022-09-16 00:00:00+00:00,18.451027,73.828125,2022-09-15 03:00:00+00:00,2022-09-16 03:00:00+00:00,1,1.4,0.0,WESTERN_GHATS_BENCHMARK,WG_01,22.8125,91.375,941.0791666666668,24.8,237.875,118.75
2022-09-17 00:00:00+00:00,18.451027,73.828125,2022-09-16 03:00:00+00:00,2022-09-17 03:00:00+00:00,1,5.1,0.0,WESTERN_GHATS_BENCHMARK,WG_01,21.97083333333333,96.29166666666667,940.2541666666666,12.7,244.20833333333334,170.83333333333334
2022-09-18 00:00:00+00:00,18.451027,73.828125,2022-09-17 03:00:00+00:00,2022-09-18 03:00:00+00:00,1,0.0,3.25402689,WESTERN_GHATS_BENCHMARK,WG_01,23.09583333333333,86.83333333333333,941.5458333333332,20.8,236.66666666666666,206.25
2022-09-19 00:00:00+00:00,18.451027,73.828125,2022-09-18 03:00:00+00:00,2022-09-19 03:00:00+00:00,1,0.1,1.71264565,WESTERN_GHATS_BENCHMARK,WG_01,22.629166666666666,85.54166666666667,942.5583333333334,20.7,249.04166666666666,60.833333333333336
2022-09-20 00:00:00+00:00,18.451027,73.828125,2022-09-19 03:00:00+00:00,2022-09-20 03:00:00+00:00,1,0.8,4.583204269,WESTERN_GHATS_BENCHMARK,WG_01,22.191666666666666,85.08333333333333,942.8416666666667,19.1,252.41666666666666,66.25
2022-09-21 00:00:00+00:00,18.451027,73.828125,2022-09-20 03:00:00+00:00,2022-09-21 03:00:00+00:00,1,1.2,13.75075531,WESTERN_GHATS_BENCHMARK,WG_01,22.295833333333334,84.33333333333333,942.4041666666667,15.1,249.70833333333334,34.583333333333336
2022-09-22 00:00:00+00:00,18.451027,73.828125,2022-09-21 03:00:00+00:00,2022-09-22 03:00:00+00:00,1,3.9000000000000004,1.027587414,WESTERN_GHATS_BENCHMARK,WG_01,22.104166666666668,86.75,942.3333333333334,16.2,252.0,44.583333333333336
2022-09-23 00:00:00+00:00,18.451027,73.828125,2022-09-22 03:00:00+00:00,2022-09-23 03:00:00+00:00,1,0.0,0.0,WESTERN_GHATS_BENCHMARK,WG_01,21.875,84.75,942.8375,21.3,248.625,20.833333333333332
2022-09-24 00:00:00+00:00,18.451027,73.828125,2022-09-23 03:00:00+00:00,2022-09-24 03:00:00+00:00,1,0.2,0.0,WESTERN_GHATS_BENCHMARK,WG_01,22.041666666666668,85.45833333333333,942.5375,18.2,238.29166666666666,73.75
2022-09-25 00:00:00+00:00,18.451027,73.828125,2022-09-24 03:00:00+00:00,2022-09-25 03:00:00+00:00,1,0.6,3.486671686,WESTERN_GHATS_BENCHMARK,WG_01,22.675,85.29166666666667,941.9541666666668,18.7,237.625,88.33333333333333
2022-09-26 00:00:00+00:00,18.451027,73.828125,2022-09-25 03:00:00+00:00,2022-09-26 03:00:00+00:00,1,0.8999999999999999,13.61066628,WESTERN_GHATS_BENCHMARK,WG_01,23.037499999999998,83.125,942.6958333333333,16.6,255.41666666666666,79.58333333333333
2022-09-27 00:00:00+00:00,18.451027,73.828125,2022-09-26 03:00:00+00:00,2022-09-27 03:00:00+00:00,1,0.9,29.62446594,WESTERN_GHATS_BENCHMARK,WG_01,23.241666666666664,82.375,943.6374999999999,17.7,262.5416666666667,95.83333333333333
2022-09-28 00:00:00+00:00,18.451027,73.828125,2022-09-27 03:00:00+00:00,2022-09-28 03:00:00+00:00,1,1.6,0.369658619,WESTERN_GHATS_BENCHMARK,WG_01,23.3125,82.83333333333333,942.0500000000001,12.1,274.7916666666667,89.16666666666667
2022-09-29 00:00:00+00:00,18.451027,73.828125,2022-09-28 03:00:00+00:00,2022-09-29 03:00:00+00:00,1,13.3,5.821423531,WESTERN_GHATS_BENCHMARK,WG_01,23.429166666666664,84.25,941.35,13.3,259.2083333333333,192.5
2022-09-30 00:00:00+00:00,18.451027,73.828125,2022-09-29 03:00:00+00:00,2022-09-30 03:00:00+00:00,1,8.7,0.0,WESTERN_GHATS_BENCHMARK,WG_01,23.879166666666666,83.20833333333333,941.5875,17.2,280.5833333333333,357.0833333333333
2023-06-01 00:00:00+00:00,18.451027,73.828125,2023-05-31 03:00:00+00:00,2023-06-01 03:00:00+00:00,1,7.4,0.0,WESTERN_GHATS_BENCHMARK,WG_01,31.59166666666667,41.333333333333336,942.5416666666666,26.3,208.91666666666666,495.0
2023-06-02 00:00:00+00:00,18.451027,73.828125,2023-06-01 03:00:00+00:00,2023-06-02 03:00:00+00:00,1,0.0,0.0,WESTERN_GHATS_BENCHMARK,WG_01,29.833333333333332,50.291666666666664,942.625,26.2,211.41666666666666,385.0
2023-06-03 00:00:00+00:00,18.451027,73.828125,2023-06-02 03:00:00+00:00,2023-06-03 03:00:00+00:00,1,0.0,0.0,WESTERN_GHATS_BENCHMARK,WG_01,29.579166666666666,50.458333333333336,943.1999999999999,25.7,280.4583333333333,347.5
2023-06-04 00:00:00+00:00,18.451027,73.828125,2023-06-03 03:00:00+00:00,2023-06-04 03:00:00+00:00,1,0.0,0.045565765,WESTERN_GHATS_BENCHMARK,WG_01,30.0,54.875,942.625,25.0,281.0833333333333,959.1666666666666
2023-06-05 00:00:00+00:00,18.451027,73.828125,2023-06-04 03:00:00+00:00,2023-06-05 03:00:00+00:00,1,1.6,2.055174828,WESTERN_GHATS_BENCHMARK,WG_01,29.758333333333336,59.125,942.2291666666666,25.3,266.25,1271.25
2023-06-06 00:00:00+00:00,18.451027,73.828125,2023-06-05 03:00:00+00:00,2023-06-06 03:00:00+00:00,1,0.0,10.61840343,WESTERN_GHATS_BENCHMARK,WG_01,29.308333333333334,56.083333333333336,942.0416666666666,25.9,270.7916666666667,408.3333333333333
2023-06-07 00:00:00+00:00,18.451027,73.828125,2023-06-06 03:00:00+00:00,2023-06-07 03:00:00+00:00,1,0.0,0.0,WESTERN_GHATS_BENCHMARK,WG_01,29.416666666666668,55.916666666666664,941.4,21.9,275.875,477.5
2023-06-08 00:00:00+00:00,18.451027,73.828125,2023-06-07 03:00:00+00:00,2023-06-08 03:00:00+00:00,1,0.0,0.0,WESTERN_GHATS_BENCHMARK,WG_01,29.3,55.875,941.8625000000001,28.1,263.625,393.3333333333333
2023-06-09 00:00:00+00:00,18.451027,73.828125,2023-06-08 03:00:00+00:00,2023-06-09 03:00:00+00:00,1,21.2,0.0,WESTERN_GHATS_BENCHMARK,WG_01,28.433333333333334,61.666666666666664,941.3375,34.3,253.41666666666666,524.5833333333334
2023-06-10 00:00:00+00:00,18.451027,73.828125,2023-06-09 03:00:00+00:00,2023-06-10 03:00:00+00:00,1,0.2,0.0,WESTERN_GHATS_BENCHMARK,WG_01,28.766666666666666,63.166666666666664,939.3708333333334,32.7,230.16666666666666,747.5
2023-06-11 00:00:00+00:00,18.451027,73.828125,2023-06-10 03:00:00+00:00,2023-06-11 03:00:00+00:00,1,0.7,3.767820597,WESTERN_GHATS_BENCHMARK,WG_01,28.72083333333333,58.833333333333336,939.0375,34.6,212.54166666666666,392.9166666666667
2023-06-12 00:00:00+00:00,18.451027,73.828125,2023-06-11 03:00:00+00:00,2023-06-12 03:00:00+00:00,1,0.0,0.0,WESTERN_GHATS_BENCHMARK,WG_01,29.0,54.75,938.475,33.2,217.08333333333334,117.91666666666667
2023-06-13 00:00:00+00:00,18.451027,73.828125,2023-06-12 03:00:00+00:00,2023-06-13 03:00:00+00:00,1,0.0,0.0,WESTERN_GHATS_BENCHMARK,WG_01,28.541666666666668,59.375,938.8833333333333,34.9,213.83333333333334,222.91666666666666
2023-06-14 00:00:00+00:00,18.451027,73.828125,2023-06-13 03:00:00+00:00,2023-06-14 03:00:00+00:00,1,0.0,0.0,WESTERN_GHATS_BENCHMARK,WG_01,27.683333333333334,65.58333333333333,940.1541666666667,36.9,224.875,406.6666666666667
2023-06-15 00:00:00+00:00,18.451027,73.828125,2023-06-14 03:00:00+00:00,2023-06-15 03:00:00+00:00,1,0.0,1.027587414,WESTERN_GHATS_BENCHMARK,WG_01,27.175,67.25,941.2666666666668,35.7,230.875,385.8333333333333
2023-06-16 00:00:00+00:00,18.451027,73.828125,2023-06-15 03:00:00+00:00,2023-06-16 03:00:00+00:00,1,0.0,0.0,WESTERN_GHATS_BENCHMARK,WG_01,27.375,66.70833333333333,940.8416666666667,37.0,226.45833333333334,443.75
2023-06-17 00:00:00+00:00,18.451027,73.828125,2023-06-16 03:00:00+00:00,2023-06-17 03:00:00+00:00,1,0.30000000000000004,0.0,WESTERN_GHATS_BENCHMARK,WG_01,27.008333333333336,69.5,940.6583333333333,35.8,237.33333333333334,439.1666666666667
2023-06-18 00:00:00+00:00,18.451027,73.828125,2023-06-17 03:00:00+00:00,2023-06-18 03:00:00+00:00,1,0.0,0.0,WESTERN_GHATS_BENCHMARK,WG_01,27.2375,68.125,941.4916666666667,25.3,250.33333333333334,483.75
2023-06-19 00:00:00+00:00,18.451027,73.828125,2023-06-18 03:00:00+00:00,2023-06-19 03:00:00+00:00,1,0.0,0.0,WESTERN_GHATS_BENCHMARK,WG_01,27.179166666666664,68.08333333333333,941.3249999999999,27.4,261.3333333333333,384.1666666666667
2023-06-20 00:00:00+00:00,18.451027,73.828125,2023-06-19 03:00:00+00:00,2023-06-20 03:00:00+00:00,1,0.0,0.0,WESTERN_GHATS_BENCHMARK,WG_01,27.745833333333334,63.333333333333336,940.2333333333332,26.3,260.8333333333333,250.83333333333334
2023-06-21 00:00:00+00:00,18.451027,73.828125,2023-06-20 03:00:00+00:00,2023-06-21 03:00:00+00:00,1,0.0,0.0,WESTERN_GHATS_BENCHMARK,WG_01,28.041666666666668,58.916666666666664,939.9458333333333,24.9,258.0,70.83333333333333
2023-06-22 00:00:00+00:00,18.451027,73.828125,2023-06-21 03:00:00+00:00,2023-06-22 03:00:00+00:00,1,0.0,0.0,WESTERN_GHATS_BENCHMARK,WG_01,27.883333333333336,61.541666666666664,940.3125,25.3,262.1666666666667,69.16666666666667
2023-06-23 00:00:00+00:00,18.451027,73.828125,2023-06-22 03:00:00+00:00,2023-06-23 03:00:00+00:00,1,0.0,0.0,WESTERN_GHATS_BENCHMARK,WG_01,27.400000000000002,66.58333333333333,940.1708333333332,25.4,255.33333333333334,149.16666666666666
2023-06-24 00:00:00+00:00,18.451027,73.828125,2023-06-23 03:00:00+00:00,2023-06-24 03:00:00+00:00,1,0.1,0.091131531,WESTERN_GHATS_BENCHMARK,WG_01,27.587500000000002,65.66666666666667,939.3833333333333,24.5,249.0,192.08333333333334
2023-06-25 00:00:00+00:00,18.451027,73.828125,2023-06-24 03:00:00+00:00,2023-06-25 03:00:00+00:00,1,3.7,8.529280663,WESTERN_GHATS_BENCHMARK,WG_01,26.204166666666666,73.25,938.9083333333333,27.4,252.45833333333334,188.75
2023-06-26 00:00:00+00:00,18.451027,73.828125,2023-06-25 03:00:00+00:00,2023-06-26 03:00:00+00:00,1,0.30000000000000004,4.712116718,WESTERN_GHATS_BENCHMARK,WG_01,25.3125,75.58333333333333,939.2166666666667,26.5,251.41666666666666,87.08333333333333
2023-06-27 00:00:00+00:00,18.451027,73.828125,2023-06-26 03:00:00+00:00,2023-06-27 03:00:00+00:00,1,0.0,0.0,WESTERN_GHATS_BENCHMARK,WG_01,25.170833333333334,74.41666666666667,939.9708333333333,25.9,255.41666666666666,85.83333333333333
2023-06-28 00:00:00+00:00,18.451027,73.828125,2023-06-27 03:00:00+00:00,2023-06-28 03:00:00+00:00,1,13.8,6.336956024,WESTERN_GHATS_BENCHMARK,WG_01,23.995833333333334,84.83333333333333,939.9583333333334,19.6,246.04166666666666,104.16666666666667
2023-06-29 00:00:00+00:00,18.451027,73.828125,2023-06-28 03:00:00+00:00,2023-06-29 03:00:00+00:00,1,16.2,5.160507202,WESTERN_GHATS_BENCHMARK,WG_01,23.125,92.75,940.4833333333332,16.7,246.70833333333334,125.83333333333333
2023-06-30 00:00:00+00:00,18.451027,73.828125,2023-06-29 03:00:00+00:00,2023-06-30 03:00:00+00:00,1,14.6,0.0,WESTERN_GHATS_BENCHMARK,WG_01,23.383333333333336,89.5,940.4875000000001,17.0,245.91666666666666,102.08333333333333
2023-07-01 00:00:00+00:00,18.451027,73.828125,2023-06-30 03:00:00+00:00,2023-07-01 03:00:00+00:00,1,17.900000000000002,0.614986837,WESTERN_GHATS_BENCHMARK,WG_01,23.208333333333332,91.91666666666667,940.2166666666667,24.6,248.08333333333334,180.0
2023-07-02 00:00:00+00:00,18.451027,73.828125,2023-07-01 03:00:00+00:00,2023-07-02 03:00:00+00:00,1,3.2,0.0,WESTERN_GHATS_BENCHMARK,WG_01,23.791666666666668,90.66666666666667,941.0875,25.4,246.625,387.0833333333333
2023-07-03 00:00:00+00:00,18.451027,73.828125,2023-07-02 03:00:00+00:00,2023-07-03 03:00:00+00:00,1,0.1,16.52208138,WESTERN_GHATS_BENCHMARK,WG_01,23.691666666666666,92.625,939.7166666666667,10.8,236.91666666666666,520.8333333333334
2023-07-04 00:00:00+00:00,18.451027,73.828125,2023-07-03 03:00:00+00:00,2023-07-04 03:00:00+00:00,1,0.0,2.570673704,WESTERN_GHATS_BENCHMARK,WG_01,25.233333333333334,85.41666666666667,938.1416666666668,18.2,243.20833333333334,643.3333333333334
2023-07-05 00:00:00+00:00,18.451027,73.828125,2023-07-04 03:00:00+00:00,2023-07-05 03:00:00+00:00,1,0.6,0.0,WESTERN_GHATS_BENCHMARK,WG_01,25.96666666666667,78.375,936.2375000000001,20.1,254.04166666666666,392.5
2023-07-06 00:00:00+00:00,18.451027,73.828125,2023-07-05 03:00:00+00:00,2023-07-06 03:00:00+00:00,1,0.1,37.93462372,WESTERN_GHATS_BENCHMARK,WG_01,25.09583333333333,80.95833333333333,935.6791666666667,18.4,249.16666666666666,155.83333333333334
2023-07-07 00:00:00+00:00,18.451027,73.828125,2023-07-06 03:00:00+00:00,2023-07-07 03:00:00+00:00,1,2.9000000000000004,0.0,WESTERN_GHATS_BENCHMARK,WG_01,23.71666666666667,89.375,937.2166666666667,17.4,230.54166666666666,146.66666666666666
2023-07-08 00:00:00+00:00,18.451027,73.828125,2023-07-07 03:00:00+00:00,2023-07-08 03:00:00+00:00,1,7.6,0.187187091,WESTERN_GHATS_BENCHMARK,WG_01,23.224999999999998,92.0,938.5416666666666,20.5,238.41666666666666,130.0
2023-07-09 00:00:00+00:00,18.451027,73.828125,2023-07-08 03:00:00+00:00,2023-07-09 03:00:00+00:00,1,0.9,0.0,WESTERN_GHATS_BENCHMARK,WG_01,23.641666666666666,87.66666666666667,939.9666666666667,20.2,244.41666666666666,111.25
2023-07-10 00:00:00+00:00,18.451027,73.828125,2023-07-09 03:00:00+00:00,2023-07-10 03:00:00+00:00,1,0.6000000000000001,0.0,WESTERN_GHATS_BENCHMARK,WG_01,23.925,83.875,940.5416666666666,21.3,244.95833333333334,75.83333333333333
2023-07-11 00:00:00+00:00,18.451027,73.828125,2023-07-10 03:00:00+00:00,2023-07-11 03:00:00+00:00,1,0.0,0.0,WESTERN_GHATS_BENCHMARK,WG_01,24.599999999999998,79.20833333333333,940.9333333333334,24.7,249.16666666666666,114.16666666666667
2023-07-12 00:00:00+00:00,18.451027,73.828125,2023-07-11 03:00:00+00:00,2023-07-12 03:00:00+00:00,1,0.0,0.093593545,WESTERN_GHATS_BENCHMARK,WG_01,24.445833333333336,79.66666666666667,940.7541666666666,22.6,251.20833333333334,135.41666666666666
2023-07-13 00:00:00+00:00,18.451027,73.828125,2023-07-12 03:00:00+00:00,2023-07-13 03:00:00+00:00,1,0.0,2.994597912,WESTERN_GHATS_BENCHMARK,WG_01,23.1125,89.0,939.9625,13.6,245.25,115.0
2023-07-14 00:00:00+00:00,18.451027,73.828125,2023-07-13 03:00:00+00:00,2023-07-14 03:00:00+00:00,1,0.0,0.0,WESTERN_GHATS_BENCHMARK,WG_01,25.150000000000002,78.125,940.4958333333334,24.4,253.54166666666666,170.83333333333334
2023-07-15 00:00:00+00:00,18.451027,73.828125,2023-07-14 03:00:00+00:00,2023-07-15 03:00:00+00:00,1,0.0,0.0,WESTERN_GHATS_BENCHMARK,WG_01,24.65416666666667,81.33333333333333,941.8416666666667,23.8,255.79166666666666,134.16666666666666
2023-07-16 00:00:00+00:00,18.451027,73.828125,2023-07-15 03:00:00+00:00,2023-07-16 03:00:00+00:00,1,0.1,0.0,WESTERN_GHATS_BENCHMARK,WG_01,24.504166666666666,80.04166666666667,941.4583333333334,23.8,252.20833333333334,91.25
2023-07-17 00:00:00+00:00,18.451027,73.828125,2023-07-16 03:00:00+00:00,2023-07-17 03:00:00+00:00,1,2.4,1.778079629,WESTERN_GHATS_BENCHMARK,WG_01,22.724999999999998,91.33333333333333,940.3208333333333,14.2,240.33333333333334,103.75
2023-07-18 00:00:00+00:00,18.451027,73.828125,2023-07-17 03:00:00+00:00,2023-07-18 03:00:00+00:00,1,1.9000000000000001,2.264810085,WESTERN_GHATS_BENCHMARK,WG_01,23.8875,86.91666666666667,939.2125,27.2,247.95833333333334,113.33333333333333
2023-07-19 00:00:00+00:00,18.451027,73.828125,2023-07-18 03:00:00+00:00,2023-07-19 03:00:00+00:00,1,16.7,47.73894882,WESTERN_GHATS_BENCHMARK,WG_01,22.366666666666664,93.5,937.6541666666667,26.0,246.29166666666666,60.416666666666664
2023-07-20 00:00:00+00:00,18.451027,73.828125,2023-07-19 03:00:00+00:00,2023-07-20 03:00:00+00:00,1,7.1,0.0,WESTERN_GHATS_BENCHMARK,WG_01,22.675,92.95833333333333,936.1958333333333,22.4,251.54166666666666,47.083333333333336
2023-07-21 00:00:00+00:00,18.451027,73.828125,2023-07-20 03:00:00+00:00,2023-07-21 03:00:00+00:00,1,6.6000000000000005,6.505349159,WESTERN_GHATS_BENCHMARK,WG_01,22.441666666666666,93.29166666666667,937.3874999999999,20.8,250.45833333333334,49.166666666666664
2023-07-22 00:00:00+00:00,18.451027,73.828125,2023-07-21 03:00:00+00:00,2023-07-22 03:00:00+00:00,1,3.8,1.776449919,WESTERN_GHATS_BENCHMARK,WG_01,23.666666666666668,88.33333333333333,938.9791666666666,25.7,257.9166666666667,148.75
2023-07-23 00:00:00+00:00,18.451027,73.828125,2023-07-22 03:00:00+00:00,2023-07-23 03:00:00+00:00,1,5.8,0.0,WESTERN_GHATS_BENCHMARK,WG_01,22.604166666666668,94.875,938.4375,15.7,249.70833333333334,78.33333333333333
2023-07-24 00:00:00+00:00,18.451027,73.828125,2023-07-23 03:00:00+00:00,2023-07-24 03:00:00+00:00,1,13.0,0.0,WESTERN_GHATS_BENCHMARK,WG_01,22.954166666666666,94.16666666666667,938.1750000000001,24.4,253.16666666666666,125.0
2023-07-25 00:00:00+00:00,18.451027,73.828125,2023-07-24 03:00:00+00:00,2023-07-25 03:00:00+00:00,1,4.7,8.837246895,WESTERN_GHATS_BENCHMARK,WG_01,23.02916666666667,92.375,938.7958333333332,20.9,257.9166666666667,152.91666666666666
2023-07-26 00:00:00+00:00,18.451027,73.828125,2023-07-25 03:00:00+00:00,2023-07-26 03:00:00+00:00,1,19.5,29.85502243,WESTERN_GHATS_BENCHMARK,WG_01,22.233333333333334,95.95833333333333,940.4333333333334,16.7,251.20833333333334,101.66666666666667
2023-07-27 00:00:00+00:00,18.451027,73.828125,2023-07-26 03:00:00+00:00,2023-07-27 03:00:00+00:00,1,4.3,4.09933567,WESTERN_GHATS_BENCHMARK,WG_01,22.616666666666664,95.29166666666667,940.8541666666666,13.8,248.75,163.33333333333334
2023-07-28 00:00:00+00:00,18.451027,73.828125,2023-07-27 03:00:00+00:00,2023-07-28 03:00:00+00:00,1,11.2,34.37522888,WESTERN_GHATS_BENCHMARK,WG_01,22.770833333333332,92.04166666666667,941.1208333333334,22.4,256.3333333333333,124.16666666666667
2023-07-29 00:00:00+00:00,18.451027,73.828125,2023-07-28 03:00:00+00:00,2023-07-29 03:00:00+00:00,1,1.5,5.458322048,WESTERN_GHATS_BENCHMARK,WG_01,22.316666666666666,93.16666666666667,941.4041666666667,21.3,255.875,43.75
2023-07-30 00:00:00+00:00,18.451027,73.828125,2023-07-29 03:00:00+00:00,2023-07-30 03:00:00+00:00,1,0.7000000000000001,0.0,WESTERN_GHATS_BENCHMARK,WG_01,22.804166666666664,89.91666666666667,941.6125000000001,23.8,252.5,48.333333333333336
2023-07-31 00:00:00+00:00,18.451027,73.828125,2023-07-30 03:00:00+00:00,2023-07-31 03:00:00+00:00,1,0.7000000000000001,0.427799702,WESTERN_GHATS_BENCHMARK,WG_01,23.254166666666666,88.58333333333333,940.6333333333333,25.0,251.91666666666666,68.75
2023-08-01 00:00:00+00:00,18.451027,73.828125,2023-07-31 03:00:00+00:00,2023-08-01 03:00:00+00:00,1,0.7000000000000001,0.0,WESTERN_GHATS_BENCHMARK,WG_01,22.629166666666666,93.875,940.2458333333334,15.6,250.75,134.58333333333334
2023-08-02 00:00:00+00:00,18.451027,73.828125,2023-08-01 03:00:00+00:00,2023-08-02 03:00:00+00:00,1,0.9,2.695836544,WESTERN_GHATS_BENCHMARK,WG_01,23.666666666666668,86.33333333333333,940.4250000000001,27.7,256.25,146.66666666666666
2023-08-03 00:00:00+00:00,18.451027,73.828125,2023-08-02 03:00:00+00:00,2023-08-03 03:00:00+00:00,1,0.4,1.069499254,WESTERN_GHATS_BENCHMARK,WG_01,23.34583333333333,87.625,940.3666666666667,27.7,256.625,140.41666666666666
2023-08-04 00:00:00+00:00,18.451027,73.828125,2023-08-03 03:00:00+00:00,2023-08-04 03:00:00+00:00,1,0.6000000000000001,0.0,WESTERN_GHATS_BENCHMARK,WG_01,23.458333333333332,86.58333333333333,940.2666666666668,28.7,257.5416666666667,152.91666666666666
2023-08-05 00:00:00+00:00,18.451027,73.828125,2023-08-04 03:00:00+00:00,2023-08-05 03:00:00+00:00,1,0.30000000000000004,0.0,WESTERN_GHATS_BENCHMARK,WG_01,23.7375,85.95833333333333,941.9583333333334,26.7,250.41666666666666,126.66666666666667
2023-08-06 00:00:00+00:00,18.451027,73.828125,2023-08-05 03:00:00+00:00,2023-08-06 03:00:00+00:00,1,0.8,0.0,WESTERN_GHATS_BENCHMARK,WG_01,23.304166666666664,87.125,943.0124999999999,19.2,251.91666666666666,72.91666666666667
2023-08-07 00:00:00+00:00,18.451027,73.828125,2023-08-06 03:00:00+00:00,2023-08-07 03:00:00+00:00,1,0.2,0.0,WESTERN_GHATS_BENCHMARK,WG_01,23.825,82.70833333333333,941.7708333333334,28.0,257.75,89.58333333333333
2023-08-08 00:00:00+00:00,18.451027,73.828125,2023-08-07 03:00:00+00:00,2023-08-08 03:00:00+00:00,1,0.0,0.0,WESTERN_GHATS_BENCHMARK,WG_01,23.804166666666664,83.125,940.6291666666666,28.3,256.1666666666667,142.5
2023-08-09 00:00:00+00:00,18.451027,73.828125,2023-08-08 03:00:00+00:00,2023-08-09 03:00:00+00:00,1,0.2,0.0,WESTERN_GHATS_BENCHMARK,WG_01,23.875,84.04166666666667,942.0749999999999,26.6,250.70833333333334,208.33333333333334
2023-08-10 00:00:00+00:00,18.451027,73.828125,2023-08-09 03:00:00+00:00,2023-08-10 03:00:00+00:00,1,0.30000000000000004,0.0,WESTERN_GHATS_BENCHMARK,WG_01,23.941666666666666,83.08333333333333,943.7291666666666,22.2,248.08333333333334,244.58333333333334
2023-08-11 00:00:00+00:00,18.451027,73.828125,2023-08-10 03:00:00+00:00,2023-08-11 03:00:00+00:00,1,0.2,0.0,WESTERN_GHATS_BENCHMARK,WG_01,23.945833333333336,82.33333333333333,944.1083333333332,22.5,249.70833333333334,206.66666666666666
2023-08-12 00:00:00+00:00,18.451027,73.828125,2023-08-11 03:00:00+00:00,2023-08-12 03:00:00+00:00,1,1.1,0.0,WESTERN_GHATS_BENCHMARK,WG_01,24.145833333333332,81.33333333333333,943.5166666666668,19.8,252.83333333333334,148.33333333333334
2023-08-13 00:00:00+00:00,18.451027,73.828125,2023-08-12 03:00:00+00:00,2023-08-13 03:00:00+00:00,1,0.0,0.0,WESTERN_GHATS_BENCHMARK,WG_01,23.579166666666666,82.91666666666667,942.8583333333332,23.6,248.54166666666666,86.66666666666667
2023-08-14 00:00:00+00:00,18.451027,73.828125,2023-08-13 03:00:00+00:00,2023-08-14 03:00:00+00:00,1,1.1,3.240715742,WESTERN_GHATS_BENCHMARK,WG_01,22.741666666666664,88.20833333333333,941.9625,18.1,242.16666666666666,57.083333333333336
2023-08-15 00:00:00+00:00,18.451027,73.828125,2023-08-14 03:00:00+00:00,2023-08-15 03:00:00+00:00,1,0.5,0.0,WESTERN_GHATS_BENCHMARK,WG_01,23.070833333333336,85.625,942.4958333333334,22.3,241.95833333333334,68.75
2023-08-16 00:00:00+00:00,18.451027,73.828125,2023-08-15 03:00:00+00:00,2023-08-16 03:00:00+00:00,1,0.1,0.187187091,WESTERN_GHATS_BENCHMARK,WG_01,23.583333333333332,82.875,943.15,21.7,241.04166666666666,140.0
2023-08-17 00:00:00+00:00,18.451027,73.828125,2023-08-16 03:00:00+00:00,2023-08-17 03:00:00+00:00,1,0.5,0.093593545,WESTERN_GHATS_BENCHMARK,WG_01,23.795833333333334,81.75,943.2583333333333,23.4,251.66666666666666,87.08333333333333
2023-08-18 00:00:00+00:00,18.451027,73.828125,2023-08-17 03:00:00+00:00,2023-08-18 03:00:00+00:00,1,0.30000000000000004,0.0,WESTERN_GHATS_BENCHMARK,WG_01,23.758333333333336,79.70833333333333,943.1458333333334,23.4,259.3333333333333,37.5
2023-08-19 00:00:00+00:00,18.451027,73.828125,2023-08-18 03:00:00+00:00,2023-08-19 03:00:00+00:00,1,0.2,1.123122573,WESTERN_GHATS_BENCHMARK,WG_01,23.825,80.33333333333333,941.7833333333333,22.6,264.2083333333333,110.41666666666667
2023-08-20 00:00:00+00:00,18.451027,73.828125,2023-08-19 03:00:00+00:00,2023-08-20 03:00:00+00:00,1,1.3,0.734478235,WESTERN_GHATS_BENCHMARK,WG_01,23.541666666666668,82.75,940.7833333333333,26.3,259.9583333333333,90.83333333333333
2023-08-21 00:00:00+00:00,18.451027,73.828125,2023-08-20 03:00:00+00:00,2023-08-21 03:00:00+00:00,1,0.0,0.0,WESTERN_GHATS_BENCHMARK,WG_01,23.883333333333336,82.33333333333333,940.9541666666665,23.8,255.91666666666666,71.66666666666667
2023-08-22 00:00:00+00:00,18.451027,73.828125,2023-08-21 03:00:00+00:00,2023-08-22 03:00:00+00:00,1,0.4,0.0,WESTERN_GHATS_BENCHMARK,WG_01,24.1375,80.33333333333333,941.3249999999999,21.9,252.79166666666666,46.666666666666664
2023-08-23 00:00:00+00:00,18.451027,73.828125,2023-08-22 03:00:00+00:00,2023-08-23 03:00:00+00:00,1,0.8,2.138998508,WESTERN_GHATS_BENCHMARK,WG_01,23.78333333333333,83.29166666666667,941.8916666666668,21.6,253.91666666666666,60.0
2023-08-24 00:00:00+00:00,18.451027,73.828125,2023-08-23 03:00:00+00:00,2023-08-24 03:00:00+00:00,1,0.1,0.0,WESTERN_GHATS_BENCHMARK,WG_01,23.84583333333333,81.45833333333333,941.3583333333332,23.5,251.33333333333334,32.916666666666664
2023-08-25 00:00:00+00:00,18.451027,73.828125,2023-08-24 03:00:00+00:00,2023-08-25 03:00:00+00:00,1,0.0,0.0,WESTERN_GHATS_BENCHMARK,WG_01,24.2375,81.25,940.4666666666667,26.2,242.5,49.166666666666664
2023-08-26 00:00:00+00:00,18.451027,73.828125,2023-08-25 03:00:00+00:00,2023-08-26 03:00:00+00:00,1,0.5,2.286215305,WESTERN_GHATS_BENCHMARK,WG_01,24.308333333333334,82.25,941.1791666666667,21.0,244.125,119.16666666666667
2023-08-27 00:00:00+00:00,18.451027,73.828125,2023-08-26 03:00:00+00:00,2023-08-27 03:00:00+00:00,1,0.30000000000000004,0.0,WESTERN_GHATS_BENCHMARK,WG_01,23.854166666666668,82.54166666666667,942.5666666666666,21.5,244.08333333333334,72.08333333333333
2023-08-28 00:00:00+00:00,18.451027,73.828125,2023-08-27 03:00:00+00:00,2023-08-28 03:00:00+00:00,1,0.1,0.0,WESTERN_GHATS_BENCHMARK,WG_01,22.979166666666668,86.29166666666667,942.75,22.9,241.375,72.91666666666667
2023-08-29 00:00:00+00:00,18.451027,73.828125,2023-08-28 03:00:00+00:00,2023-08-29 03:00:00+00:00,1,0.0,3.515176296,WESTERN_GHATS_BENCHMARK,WG_01,23.195833333333336,84.16666666666667,942.3041666666667,22.8,248.54166666666666,121.25
2023-08-30 00:00:00+00:00,18.451027,73.828125,2023-08-29 03:00:00+00:00,2023-08-30 03:00:00+00:00,1,1.2,0.0,WESTERN_GHATS_BENCHMARK,WG_01,24.0125,80.20833333333333,942.3666666666667,15.9,256.7083333333333,144.16666666666666
2023-08-31 00:00:00+00:00,18.451027,73.828125,2023-08-30 03:00:00+00:00,2023-08-31 03:00:00+00:00,1,1.4000000000000001,0.0,WESTERN_GHATS_BENCHMARK,WG_01,24.40416666666667,80.16666666666667,942.8000000000001,16.8,267.875,198.33333333333334
2023-09-01 00:00:00+00:00,18.451027,73.828125,2023-08-31 03:00:00+00:00,2023-09-01 03:00:00+00:00,1,4.4,0.0,WESTERN_GHATS_BENCHMARK,WG_01,26.3625,70.0,942.4833333333332,19.2,247.54166666666666,299.1666666666667
2023-09-02 00:00:00+00:00,18.451027,73.828125,2023-09-01 03:00:00+00:00,2023-09-02 03:00:00+00:00,1,5.2,0.0,WESTERN_GHATS_BENCHMARK,WG_01,26.570833333333336,70.91666666666667,942.0041666666666,14.8,213.04166666666666,263.75
2023-09-03 00:00:00+00:00,18.451027,73.828125,2023-09-02 03:00:00+00:00,2023-09-03 03:00:00+00:00,1,3.4,0.0,WESTERN_GHATS_BENCHMARK,WG_01,24.95,79.75,942.1666666666666,18.2,257.3333333333333,261.25
2023-09-04 00:00:00+00:00,18.451027,73.828125,2023-09-03 03:00:00+00:00,2023-09-04 03:00:00+00:00,1,9.1,19.27898216,WESTERN_GHATS_BENCHMARK,WG_01,24.116666666666664,85.375,940.8874999999999,16.6,257.7083333333333,288.75
2023-09-05 00:00:00+00:00,18.451027,73.828125,2023-09-04 03:00:00+00:00,2023-09-05 03:00:00+00:00,1,0.9,0.521393239,WESTERN_GHATS_BENCHMARK,WG_01,23.650000000000002,83.0,940.0458333333332,19.8,265.1666666666667,102.08333333333333
2023-09-06 00:00:00+00:00,18.451027,73.828125,2023-09-05 03:00:00+00:00,2023-09-06 03:00:00+00:00,1,0.0,0.0,WESTERN_GHATS_BENCHMARK,WG_01,24.412499999999998,79.33333333333333,939.6625,20.2,265.3333333333333,95.83333333333333
2023-09-07 00:00:00+00:00,18.451027,73.828125,2023-09-06 03:00:00+00:00,2023-09-07 03:00:00+00:00,1,0.30000000000000004,0.855599403,WESTERN_GHATS_BENCHMARK,WG_01,24.429166666666664,81.625,939.85,18.4,260.6666666666667,120.0
2023-09-08 00:00:00+00:00,18.451027,73.828125,2023-09-07 03:00:00+00:00,2023-09-08 03:00:00+00:00,1,47.8,10.59677887,WESTERN_GHATS_BENCHMARK,WG_01,21.78333333333333,96.875,939.5708333333333,12.7,243.29166666666666,35.416666666666664
2023-09-09 00:00:00+00:00,18.451027,73.828125,2023-09-08 03:00:00+00:00,2023-09-09 03:00:00+00:00,1,44.1,0.0,WESTERN_GHATS_BENCHMARK,WG_01,22.316666666666666,95.95833333333333,940.2208333333333,17.7,260.5833333333333,80.0
2023-09-10 00:00:00+00:00,18.451027,73.828125,2023-09-09 03:00:00+00:00,2023-09-10 03:00:00+00:00,1,0.6000000000000001,3.693796396,WESTERN_GHATS_BENCHMARK,WG_01,23.054166666666664,92.08333333333333,940.2833333333333,19.1,257.2916666666667,125.0
2023-09-11 00:00:00+00:00,18.451027,73.828125,2023-09-10 03:00:00+00:00,2023-09-11 03:00:00+00:00,1,0.0,0.0,WESTERN_GHATS_BENCHMARK,WG_01,23.6375,86.125,940.2125,23.8,255.41666666666666,110.83333333333333
2023-09-12 00:00:00+00:00,18.451027,73.828125,2023-09-11 03:00:00+00:00,2023-09-12 03:00:00+00:00,1,0.0,0.734478235,WESTERN_GHATS_BENCHMARK,WG_01,23.520833333333332,86.375,940.8708333333334,20.2,252.75,254.16666666666666
2023-09-13 00:00:00+00:00,18.451027,73.828125,2023-09-12 03:00:00+00:00,2023-09-13 03:00:00+00:00,1,0.0,0.0,WESTERN_GHATS_BENCHMARK,WG_01,23.383333333333336,84.75,941.3375,24.2,250.41666666666666,101.66666666666667
2023-09-14 00:00:00+00:00,18.451027,73.828125,2023-09-13 03:00:00+00:00,2023-09-14 03:00:00+00:00,1,0.1,1.069499254,WESTERN_GHATS_BENCHMARK,WG_01,23.53333333333333,84.125,940.8583333333332,21.0,250.16666666666666,89.16666666666667
2023-09-15 00:00:00+00:00,18.451027,73.828125,2023-09-14 03:00:00+00:00,2023-09-15 03:00:00+00:00,1,1.0,0.0,WESTERN_GHATS_BENCHMARK,WG_01,23.358333333333334,83.70833333333333,940.6625,20.7,249.20833333333334,75.41666666666667
2023-09-16 00:00:00+00:00,18.451027,73.828125,2023-09-15 03:00:00+00:00,2023-09-16 03:00:00+00:00,1,0.1,0.0,WESTERN_GHATS_BENCHMARK,WG_01,23.8125,83.33333333333333,940.5291666666667,21.6,252.95833333333334,38.75
2023-09-17 00:00:00+00:00,18.451027,73.828125,2023-09-16 03:00:00+00:00,2023-09-17 03:00:00+00:00,1,0.0,0.0,WESTERN_GHATS_BENCHMARK,WG_01,22.47083333333333,88.29166666666667,940.0749999999999,19.9,249.08333333333334,35.416666666666664
2023-09-18 00:00:00+00:00,18.451027,73.828125,2023-09-17 03:00:00+00:00,2023-09-18 03:00:00+00:00,1,0.0,0.0,WESTERN_GHATS_BENCHMARK,WG_01,22.849999999999998,87.5,939.2375000000001,23.1,237.04166666666666,44.583333333333336
2023-09-19 00:00:00+00:00,18.451027,73.828125,2023-09-18 03:00:00+00:00,2023-09-19 03:00:00+00:00,1,0.1,0.325267464,WESTERN_GHATS_BENCHMARK,WG_01,23.53333333333333,85.375,940.4250000000001,22.5,222.41666666666666,106.25
2023-09-20 00:00:00+00:00,18.451027,73.828125,2023-09-19 03:00:00+00:00,2023-09-20 03:00:00+00:00,1,0.0,2.203434706,WESTERN_GHATS_BENCHMARK,WG_01,23.616666666666664,87.375,941.5625,21.6,226.875,185.83333333333334
2023-09-21 00:00:00+00:00,18.451027,73.828125,2023-09-20 03:00:00+00:00,2023-09-21 03:00:00+00:00,1,0.1,0.0,WESTERN_GHATS_BENCHMARK,WG_01,25.033333333333335,83.625,941.7708333333334,18.7,238.41666666666666,526.25
2023-09-22 00:00:00+00:00,18.451027,73.828125,2023-09-21 03:00:00+00:00,2023-09-22 03:00:00+00:00,1,17.8,19.90619278,WESTERN_GHATS_BENCHMARK,WG_01,24.270833333333332,90.04166666666667,942.1583333333333,15.0,241.125,801.25
2023-09-23 00:00:00+00:00,18.451027,73.828125,2023-09-22 03:00:00+00:00,2023-09-23 03:00:00+00:00,1,9.4,10.69631195,WESTERN_GHATS_BENCHMARK,WG_01,23.224999999999998,91.08333333333333,942.0458333333332,9.8,248.41666666666666,270.0
2023-09-24 00:00:00+00:00,18.451027,73.828125,2023-09-23 03:00:00+00:00,2023-09-24 03:00:00+00:00,1,17.7,24.65678215,WESTERN_GHATS_BENCHMARK,WG_01,23.0,91.33333333333333,943.0749999999999,11.4,258.5833333333333,243.75
2023-09-25 00:00:00+00:00,18.451027,73.828125,2023-09-24 03:00:00+00:00,2023-09-25 03:00:00+00:00,1,9.8,3.43600297,WESTERN_GHATS_BENCHMARK,WG_01,23.770833333333332,86.83333333333333,942.6166666666667,13.8,250.75,313.3333333333333
2023-09-26 00:00:00+00:00,18.451027,73.828125,2023-09-25 03:00:00+00:00,2023-09-26 03:00:00+00:00,1,5.5,6.078629017,WESTERN_GHATS_BENCHMARK,WG_01,23.849999999999998,85.25,941.8375,17.0,249.91666666666666,250.0
2023-09-27 00:00:00+00:00,18.451027,73.828125,2023-09-26 03:00:00+00:00,2023-09-27 03:00:00+00:00,1,19.799999999999997,0.467967689,WESTERN_GHATS_BENCHMARK,WG_01,24.9375,79.625,941.775,13.7,259.9583333333333,379.1666666666667
2023-09-28 00:00:00+00:00,18.451027,73.828125,2023-09-27 03:00:00+00:00,2023-09-28 03:00:00+00:00,1,15.1,11.11744976,WESTERN_GHATS_BENCHMARK,WG_01,24.375,85.79166666666667,940.7291666666666,11.2,220.66666666666666,455.4166666666667
2023-09-29 00:00:00+00:00,18.451027,73.828125,2023-09-28 03:00:00+00:00,2023-09-29 03:00:00+00:00,1,24.9,14.87644386,WESTERN_GHATS_BENCHMARK,WG_01,25.712500000000002,79.875,939.9708333333333,12.5,66.0,789.5833333333334
2023-09-30 00:00:00+00:00,18.451027,73.828125,2023-09-29 03:00:00+00:00,2023-09-30 03:00:00+00:00,1,51.8,31.45097733,WESTERN_GHATS_BENCHMARK,WG_01,25.150000000000002,82.79166666666667,939.6541666666667,11.9,131.58333333333334,569.1666666666666
2024-06-01 00:00:00+00:00,18.451027,73.828125,2024-05-31 03:00:00+00:00,2024-06-01 03:00:00+00:00,1,0.0,0.0,WESTERN_GHATS_BENCHMARK,WG_01,30.087500000000002,55.958333333333336,940.5416666666666,27.8,270.3333333333333,166.66666666666666
2024-06-02 00:00:00+00:00,18.451027,73.828125,2024-06-01 03:00:00+00:00,2024-06-02 03:00:00+00:00,1,0.0,0.0,WESTERN_GHATS_BENCHMARK,WG_01,29.895833333333332,57.791666666666664,940.5958333333333,24.8,263.875,284.5833333333333
2024-06-03 00:00:00+00:00,18.451027,73.828125,2024-06-02 03:00:00+00:00,2024-06-03 03:00:00+00:00,1,0.8999999999999999,0.0,WESTERN_GHATS_BENCHMARK,WG_01,29.508333333333336,59.125,940.975,27.4,260.1666666666667,441.6666666666667
2024-06-04 00:00:00+00:00,18.451027,73.828125,2024-06-03 03:00:00+00:00,2024-06-04 03:00:00+00:00,1,5.4,0.0,WESTERN_GHATS_BENCHMARK,WG_01,28.8625,65.45833333333333,941.4333333333334,23.2,240.41666666666666,848.75
2024-06-05 00:00:00+00:00,18.451027,73.828125,2024-06-04 03:00:00+00:00,2024-06-05 03:00:00+00:00,1,13.5,0.0,WESTERN_GHATS_BENCHMARK,WG_01,28.675,65.54166666666667,941.7583333333333,24.1,245.95833333333334,800.4166666666666
2024-06-06 00:00:00+00:00,18.451027,73.828125,2024-06-05 03:00:00+00:00,2024-06-06 03:00:00+00:00,1,3.3,5.423585892,WESTERN_GHATS_BENCHMARK,WG_01,28.241666666666664,67.875,942.1208333333334,24.1,265.0416666666667,922.9166666666666
2024-06-07 00:00:00+00:00,18.451027,73.828125,2024-06-06 03:00:00+00:00,2024-06-07 03:00:00+00:00,1,32.9,16.62046242,WESTERN_GHATS_BENCHMARK,WG_01,27.741666666666664,70.54166666666667,942.0958333333333,20.2,242.375,925.8333333333334
2024-06-08 00:00:00+00:00,18.451027,73.828125,2024-06-07 03:00:00+00:00,2024-06-08 03:00:00+00:00,1,15.0,3.326927423,WESTERN_GHATS_BENCHMARK,WG_01,26.875,72.75,940.3416666666667,15.3,206.54166666666666,648.3333333333334
2024-06-09 00:00:00+00:00,18.451027,73.828125,2024-06-08 03:00:00+00:00,2024-06-09 03:00:00+00:00,1,41.4,29.76109886,WESTERN_GHATS_BENCHMARK,WG_01,26.59166666666667,74.875,939.1,19.6,249.33333333333334,409.5833333333333
2024-06-10 00:00:00+00:00,18.451027,73.828125,2024-06-09 03:00:00+00:00,2024-06-10 03:00:00+00:00,1,8.4,15.87358761,WESTERN_GHATS_BENCHMARK,WG_01,24.829166666666666,81.33333333333333,940.0291666666667,15.2,251.875,227.08333333333334
2024-06-11 00:00:00+00:00,18.451027,73.828125,2024-06-10 03:00:00+00:00,2024-06-11 03:00:00+00:00,1,5.2,28.84752464,WESTERN_GHATS_BENCHMARK,WG_01,25.329166666666666,78.54166666666667,941.0291666666667,17.7,255.66666666666666,214.16666666666666
2024-06-12 00:00:00+00:00,18.451027,73.828125,2024-06-11 03:00:00+00:00,2024-06-12 03:00:00+00:00,1,36.6,8.601737976,WESTERN_GHATS_BENCHMARK,WG_01,24.825,83.58333333333333,941.3625000000001,18.8,249.45833333333334,452.0833333333333
2024-06-13 00:00:00+00:00,18.451027,73.828125,2024-06-12 03:00:00+00:00,2024-06-13 03:00:00+00:00,1,12.1,0.975802422,WESTERN_GHATS_BENCHMARK,WG_01,26.016666666666666,77.41666666666667,941.8083333333334,20.4,249.20833333333334,401.6666666666667
2024-06-14 00:00:00+00:00,18.451027,73.828125,2024-06-13 03:00:00+00:00,2024-06-14 03:00:00+00:00,1,9.6,30.45155716,WESTERN_GHATS_BENCHMARK,WG_01,26.229166666666668,75.875,941.1208333333334,19.7,248.70833333333334,447.5
2024-06-15 00:00:00+00:00,18.451027,73.828125,2024-06-14 03:00:00+00:00,2024-06-15 03:00:00+00:00,1,0.6,16.57135391,WESTERN_GHATS_BENCHMARK,WG_01,24.96666666666667,81.95833333333333,940.4958333333334,20.4,242.45833333333334,324.5833333333333
2024-06-16 00:00:00+00:00,18.451027,73.828125,2024-06-15 03:00:00+00:00,2024-06-16 03:00:00+00:00,1,4.1000000000000005,1.024909139,WESTERN_GHATS_BENCHMARK,WG_01,26.495833333333334,73.70833333333333,939.9875000000001,17.9,247.41666666666666,307.5
2024-06-17 00:00:00+00:00,18.451027,73.828125,2024-06-16 03:00:00+00:00,2024-06-17 03:00:00+00:00,1,7.9,1.764007211,WESTERN_GHATS_BENCHMARK,WG_01,27.058333333333334,71.95833333333333,939.9541666666668,15.9,258.4166666666667,498.3333333333333
2024-06-18 00:00:00+00:00,18.451027,73.828125,2024-06-17 03:00:00+00:00,2024-06-18 03:00:00+00:00,1,17.1,15.05696964,WESTERN_GHATS_BENCHMARK,WG_01,26.675,76.29166666666667,940.6666666666666,20.1,254.75,630.4166666666666
2024-06-19 00:00:00+00:00,18.451027,73.828125,2024-06-18 03:00:00+00:00,2024-06-19 03:00:00+00:00,1,0.1,0.0,WESTERN_GHATS_BENCHMARK,WG_01,26.03333333333333,76.79166666666667,939.9125,22.1,250.33333333333334,313.3333333333333
2024-06-20 00:00:00+00:00,18.451027,73.828125,2024-06-19 03:00:00+00:00,2024-06-20 03:00:00+00:00,1,0.0,0.0,WESTERN_GHATS_BENCHMARK,WG_01,25.920833333333334,73.70833333333333,938.4625,23.7,249.45833333333334,115.83333333333333
2024-06-21 00:00:00+00:00,18.451027,73.828125,2024-06-20 03:00:00+00:00,2024-06-21 03:00:00+00:00,1,0.1,9.486494064,WESTERN_GHATS_BENCHMARK,WG_01,25.825,76.66666666666667,938.1291666666666,26.2,248.20833333333334,257.9166666666667
2024-06-22 00:00:00+00:00,18.451027,73.828125,2024-06-21 03:00:00+00:00,2024-06-22 03:00:00+00:00,1,0.1,0.280780643,WESTERN_GHATS_BENCHMARK,WG_01,26.22083333333333,76.0,938.0625,29.3,249.79166666666666,438.75
2024-06-23 00:00:00+00:00,18.451027,73.828125,2024-06-22 03:00:00+00:00,2024-06-23 03:00:00+00:00,1,16.5,0.182263061,WESTERN_GHATS_BENCHMARK,WG_01,26.77916666666667,74.83333333333333,936.9083333333333,21.6,257.9166666666667,433.75
2024-06-24 00:00:00+00:00,18.451027,73.828125,2024-06-23 03:00:00+00:00,2024-06-24 03:00:00+00:00,1,25.4,4.278194904,WESTERN_GHATS_BENCHMARK,WG_01,26.383333333333336,78.625,935.5124999999999,16.3,246.33333333333334,494.1666666666667
2024-06-25 00:00:00+00:00,18.451027,73.828125,2024-06-24 03:00:00+00:00,2024-06-25 03:00:00+00:00,1,1.7,2.019815207,WESTERN_GHATS_BENCHMARK,WG_01,26.4375,78.625,934.4541666666668,21.8,230.54166666666666,456.6666666666667
2024-06-26 00:00:00+00:00,18.451027,73.828125,2024-06-25 03:00:00+00:00,2024-06-26 03:00:00+00:00,1,2.4,0.734478235,WESTERN_GHATS_BENCHMARK,WG_01,26.34166666666667,82.20833333333333,933.6416666666668,28.3,221.16666666666666,759.1666666666666
2024-06-27 00:00:00+00:00,18.451027,73.828125,2024-06-26 03:00:00+00:00,2024-06-27 03:00:00+00:00,1,2.1,0.0,WESTERN_GHATS_BENCHMARK,WG_01,25.958333333333332,83.75,934.65,20.8,228.04166666666666,697.5
2024-06-28 00:00:00+00:00,18.451027,73.828125,2024-06-27 03:00:00+00:00,2024-06-28 03:00:00+00:00,1,17.599999999999998,0.0,WESTERN_GHATS_BENCHMARK,WG_01,24.05,90.375,936.1999999999999,37.6,225.20833333333334,277.0833333333333
2024-06-29 00:00:00+00:00,18.451027,73.828125,2024-06-28 03:00:00+00:00,2024-06-29 03:00:00+00:00,1,3.1,0.748748362,WESTERN_GHATS_BENCHMARK,WG_01,24.3,88.625,937.3583333333332,25.0,232.33333333333334,199.58333333333334
2024-06-30 00:00:00+00:00,18.451027,73.828125,2024-06-29 03:00:00+00:00,2024-06-30 03:00:00+00:00,1,1.1,0.0,WESTERN_GHATS_BENCHMARK,WG_01,24.620833333333334,89.5,938.1333333333333,18.1,226.0,460.0
2024-07-01 00:00:00+00:00,18.451027,73.828125,2024-06-30 03:00:00+00:00,2024-07-01 03:00:00+00:00,1,0.9,7.566520691,WESTERN_GHATS_BENCHMARK,WG_01,23.958333333333332,91.625,938.1666666666666,13.7,235.25,326.25
