weather_regime,sample_count,mean_observed_rainfall,mean_nwp_rainfall,raw_rmse,corrected_rmse,rmse_improvement_percent,heavy_event_frequency
ACTIVE_MONSOON,41223,14.829,12.869,15.093,11.471,24.0,0.03151
BREAK_MONSOON,31055,2.174,5.306,9.615,6.923,28.0,0.00081
MONSOON_DEPRESSION,15199,31.91,21.983,29.223,25.716,12.0,0.12014
COASTAL_RAINFALL,28784,14.85,18.175,27.491,22.817,17.0,0.02814
OROGRAPHIC_RAINFALL,25868,30.684,27.305,37.221,26.055,30.0,0.11226
WESTERN_DISTURBANCE,15230,2.135,3.341,11.253,9.678,14.0,0.00092
PRE_MONSOON_CONVECTION,17934,5.984,4.861,17.947,16.145,10.04,0.01768
POST_MONSOON,14839,7.317,9.354,15.018,12.014,20.0,0.00546
DRY_NORMAL,109868,0.403,0.861,3.751,3.301,12.0,6e-05
